cbsa,name,age18plus_tot,age1824_tot,age2544_tot,age4564_tot,age65plus_tot
10180,"Abilene, TX",141789,24165,51080,37238,29306
10420,"Akron, OH",563683,67363,179560,175433,141327
10500,"Albany, GA",111114,14176,36616,33906,26416
10540,"Albany, OR",103982,10246,35810,31371,26555
10580,"Albany-Schenectady-Troy, NY",742556,98840,236993,226155,180568
10740,"Albuquerque, NM",740683,81091,256134,221764,181694
10780,"Alexandria, LA",112263,12243,38960,34996,26064
10900,"Allentown-Bethlehem-Easton, PA-NJ",708921,83005,223073,224905,177938
11020,"Altoona, PA",96440,10030,28835,30617,26958
11100,"Amarillo, TX",206913,26064,76240,60960,43649
11180,"Ames, IA",107366,33124,30604,23767,19871
11200,"Amherst Town-Northampton, MA",143056,40739,33109,35804,33404
11260,"Anchorage, AK",310804,37896,124605,91627,56676
11460,"Ann Arbor, MI",307167,66405,97759,80464,62539
11500,"Anniston-Oxford, AL",91522,12627,28776,28050,22069
11540,"Appleton, WI",193875,20780,64984,63548,44563
11700,"Asheville, NC",348528,30788,109031,108315,100394
12020,"Athens-Clarke County, GA",180123,41113,56661,47814,34535
12060,"Atlanta-Sandy Springs-Roswell, GA",4943007,590814,1808967,1630895,912331
12100,"Atlantic City-Hammonton, NJ",300613,30948,84560,96738,88367
12220,"Auburn-Opelika, AL",164729,34370,52827,46614,30918
12260,"Augusta-Richmond County, GA-SC",493663,55282,171579,150847,115955
12420,"Austin-Round Rock-San Marcos, TX",2007654,238030,863751,587764,318109
12540,"Bakersfield-Delano, CA",665289,93018,264726,192698,114847
12580,"Baltimore-Columbia-Towson, MD",2236940,243181,787580,701676,504503
12620,"Bangor, ME",129971,16332,39863,40591,33185
12700,"Barnstable Town, MA",201007,15275,42903,61790,81039
12940,"Baton Rouge, LA",678624,101767,235818,199468,141571
12980,"Battle Creek, MI",103785,11322,33705,33021,25737
13020,"Bay City, MI",83039,7678,25097,26536,23728
13140,"Beaumont-Port Arthur, TX",300322,33133,107516,93516,66157
13220,"Beckley, WV",88258,8225,26417,27924,25692
13380,"Bellingham, WA",193264,30991,63914,52217,46142
13460,"Bend, OR",215013,17348,72105,66179,59381
13740,"Billings, MT",150285,14965,51411,45078,38831
13780,"Binghamton, NY",197707,32869,55362,56855,52621
13820,"Birmingham, AL",923519,104761,313285,291722,213751
13900,"Bismarck, ND",107321,12441,37754,30804,26322
13980,"Blacksburg-Christiansburg-Radford, VA",152832,38850,41465,40462,32055
14010,"Bloomington, IL",136470,29513,43128,37301,26528
14020,"Bloomington, IN",136460,37490,39518,32658,26794
14260,"Boise City, ID",654675,76307,234906,200899,142563
14460,"Boston-Cambridge-Newton, MA-NH",4072057,496907,1428850,1246434,899866
14500,"Boulder, CO",275486,52793,85998,78805,57890
14540,"Bowling Green, KY",149691,24999,50402,44757,29533
14580,"Bozeman, MT",103895,19997,39345,26385,18168
14740,"Bremerton-Silverdale-Port Orchard, WA",227388,24602,78467,65979,58340
14860,"Bridgeport-Stamford-Danbury, CT",762887,89167,241309,259326,173085
15180,"Brownsville-Harlingen, TX",311649,47714,107966,92305,63664
15260,"Brunswick-St. Simons, GA",93541,9070,26888,29892,27691
15380,"Buffalo-Cheektowaga, NY",929991,100643,305209,284454,239685
15500,"Burlington, NC",143068,18528,46814,45601,32125
15540,"Burlington-South Burlington, VT",189029,29411,62274,54695,42649
15940,"Canton-Massillon, OH",315643,32255,97169,99989,86230
15980,"Cape Coral-Fort Myers, FL",713426,63658,189004,212605,248159
16020,"Cape Girardeau, MO-IL",77907,12337,23907,22559,19104
16180,"Carson City, NV",46946,4428,15345,14503,12670
16220,"Casper, WY",62029,6396,22284,18615,14734
16300,"Cedar Rapids, IA",217458,24151,72776,68399,52132
16540,"Chambersburg, PA",124869,12198,38849,40586,33236
16580,"Champaign-Urbana, IL",196171,52313,60020,46510,37328
16620,"Charleston, WV",162620,15672,48179,52109,46660
16700,"Charleston-North Charleston, SC",685489,73711,254306,208081,149391
16740,"Charlotte-Concord-Gastonia, NC-SC",2231025,250931,822927,726127,431040
16820,"Charlottesville, VA",184445,27025,58331,51910,47179
16860,"Chattanooga, TN-GA",465813,48102,156255,146380,115076
16940,"Cheyenne, WY",79722,9068,28424,23756,18474
16980,"Chicago-Naperville-Elgin, IL-IN",7406901,844918,2635081,2330857,1596045
17020,"Chico, CA",166368,30611,52631,43504,39622
17140,"Cincinnati, OH-KY-IN",1780634,214642,609981,555442,400569
17300,"Clarksville, TN-KY",254562,36043,107574,69205,41740
17410,"Cleveland, OH",1731154,174091,558481,541911,456671
17420,"Cleveland, TN",104208,11441,32979,35251,24537
17660,"Coeur d'Alene, ID",147040,13450,48422,45927,39241
17780,"College Station-Bryan, TX",229010,68703,73250,51664,35393
17820,"Colorado Springs, CO",604191,77781,237702,170490,118218
17860,"Columbia, MO",175560,38784,58250,44965,33561
17900,"Columbia, SC",680908,97387,228415,208062,147044
17980,"Columbus, GA-AL",247416,28342,90563,74734,53777
18020,"Columbus, IN",64715,7341,22775,19834,14765
18140,"Columbus, OH",1715247,200480,657216,522728,334823
18580,"Corpus Christi, TX",345816,42782,120087,104699,78248
18700,"Corvallis, OR",84128,22438,23360,19464,18866
18880,"Crestview-Fort Walton Beach-Destin, FL",241680,23865,86072,75159,56584
19100,"Dallas-Fort Worth-Arlington, TX",6305189,778987,2482925,1987100,1056177
19140,"Dalton, GA",111440,13847,38341,36132,23120
19300,"Daphne-Fairhope-Foley, AL",207358,18719,60337,69855,58447
19340,"Davenport-Moline-Rock Island, IA-IL",297137,32786,95411,91986,76954
19430,"Dayton-Kettering-Beavercreek, OH",643823,76145,215383,193014,159281
19460,"Decatur, AL",123151,12848,39073,41401,29829
19500,"Decatur, IL",78007,8655,23551,23789,22012
19660,"Deltona-Daytona Beach-Ormond Beach, FL",614558,56617,166312,191935,199694
19740,"Denver-Aurora-Centennial, CO",2431537,248231,1008804,719956,454546
19780,"Des Moines-West Des Moines, IA",572440,64890,217628,175870,114052
19820,"Detroit-Warren-Dearborn, MI",3463742,349643,1164640,1124255,825204
20020,"Dothan, AL",120321,11792,37889,39069,31571
20100,"Dover, DE",149408,19085,48579,44810,36934
20220,"Dubuque, IA",77234,9578,24731,22766,20159
20260,"Duluth, MN-WI",229485,31664,68192,67906,61723
20500,"Durham-Chapel Hill, NC",501906,73582,173352,145603,109369
20580,"Eagle Pass, TX",40706,6663,15195,11779,7069
20740,"Eau Claire, WI",141336,22043,45576,40236,33481
20940,"El Centro, CA",131069,18237,49834,37196,25802
21060,"Elizabethtown, KY",97128,10757,34302,31281,20788
21140,"Elkhart-Goshen, IN",152121,19403,51721,47623,33374
21300,"Elmira, NY",64365,6635,20172,20243,17315
21340,"El Paso, TX",658115,95710,252861,188905,120639
21420,"Enid, OK",46200,5631,16520,13363,10686
21500,"Erie, PA",213422,27312,66014,64310,55786
21660,"Eugene-Springfield, OR",317437,48222,97776,88070,83369
21780,"Evansville, IN",212766,23997,70383,65328,53058
21820,"Fairbanks-College, AK",72824,10808,30999,18242,12775
22020,"Fargo, ND-MN",208090,39507,79249,52661,36673
22140,"Farmington, NM",91689,10767,31521,27682,21719
22180,"Fayetteville, NC",293487,45117,116273,78761,53336
22220,"Fayetteville-Springdale-Rogers, AR",461142,67751,176822,133442,83127
22380,"Flagstaff, AZ",118017,29252,37139,29246,22380
22420,"Flint, MI",314596,32798,100466,101857,79475
22500,"Florence, SC",154606,17804,48725,49509,38568
22520,"Florence-Muscle Shoals, AL",125116,16752,37541,37777,33046
22540,"Fond du Lac, WI",82778,8858,25447,26652,21821
22660,"Fort Collins-Loveland, CO",308781,53368,104743,82352,68318
22900,"Fort Smith, AR-OK",178097,19875,59067,56977,42178
23060,"Fort Wayne, IN",348129,40821,123713,105783,77812
23420,"Fresno, CA",867345,116821,336638,251972,161914
23460,"Gadsden, AL",80500,7933,25025,26612,20930
23540,"Gainesville, FL",294949,66293,91755,73518,63383
23580,"Gainesville, GA",170403,20666,57065,55259,37413
23900,"Gettysburg, PA",87571,10919,23868,27987,24797
24020,"Glens Falls, NY",103034,8624,29703,33981,30726
24140,"Goldsboro, NC",91900,11699,31027,27798,21376
24220,"Grand Forks, ND-MN",81556,17270,27270,20027,16989
24260,"Grand Island, NE",57034,6679,19203,17789,13363
24300,"Grand Junction, CO",129821,14451,41761,37722,35887
24340,"Grand Rapids-Wyoming-Kentwood, MI",914883,118191,328208,271063,197421
24420,"Grants Pass, OR",71374,5507,19667,21447,24753
24500,"Great Falls, MT",66138,7754,22718,18413,17253
24540,"Greeley, CO",277340,32715,112777,81994,49854
24580,"Green Bay, WI",261763,29671,85859,84067,62166
24660,"Greensboro-High Point, NC",628127,85320,201969,199491,141347
24780,"Greenville, NC",143216,33194,44559,37792,27671
24860,"Greenville-Anderson-Greer, SC",779841,97798,259870,243279,178894
25060,"Gulfport-Biloxi, MS",331769,36071,108966,107575,79157
25180,"Hagerstown-Martinsburg, MD-WV",243451,24144,83832,79990,55485
25220,"Hammond, LA",105786,13672,38183,31691,22240
25260,"Hanford-Corcoran, CA",114209,16378,48786,31560,17485
25420,"Harrisburg-Carlisle, PA",485094,55069,162099,148778,119148
25500,"Harrisonburg, VA",110499,24707,32557,29607,23628
25540,"Hartford-West Hartford-East Hartford, CT",944590,117551,305492,293009,228538
25620,"Hattiesburg, MS",120613,19732,41486,34944,24451
25740,"Helena, MT",76926,6743,24717,24152,21314
25860,"Hickory-Lenoir-Morganton, NC",299052,29674,89451,102249,77678
25940,"Hilton Head Island-Bluffton-Port Royal, SC",197256,22315,47753,58465,68723
25980,"Hinesville, GA",64092,10231,28912,15295,9654
26140,"Homosassa Springs, FL",145497,8880,30674,43741,62202
26300,"Hot Springs, AR",80569,6986,22323,25382,25878
26380,"Houma-Bayou Cane-Thibodaux, LA",152495,17137,51401,49405,34552
26420,"Houston-Pasadena-The Woodlands, TX",5816478,729057,2261545,1818224,1007652
26580,"Huntington-Ashland, WV-KY-OH",291209,33014,87674,93337,77184
26620,"Huntsville, AL",425924,50078,151107,136301,88438
26820,"Idaho Falls, ID",121325,15279,46269,35309,24468
26900,"Indianapolis-Carmel-Greenwood, IN",1651843,188081,612219,516351,335192
26980,"Iowa City, IA",146978,34391,48666,36346,27575
27060,"Ithaca, NY",91010,29174,23722,20138,17976
27100,"Jackson, MI",127556,13958,40382,40769,32447
27140,"Jackson, MS",466230,55350,156670,148369,105841
27180,"Jackson, TN",141915,18149,45083,44803,33880
27260,"Jacksonville, FL",1376650,141588,486101,435454,313507
27340,"Jacksonville, NC",159781,40406,61973,34185,23217
27500,"Janesville-Beloit, WI",129413,14013,42017,42201,31182
27620,"Jefferson City, MO",118600,13483,38945,37513,28659
27740,"Johnson City, TN",176509,23060,51938,56180,45331
27780,"Johnstown, PA",105337,11707,27983,33277,32370
27860,"Jonesboro, AR",103814,14204,38003,30736,20871
27900,"Joplin, MO-KS",157524,18455,53097,48826,37146
27980,"Kahului-Wailuku, HI",130001,11067,40184,42590,36160
28020,"Kalamazoo-Portage, MI",209676,40295,68911,56112,44358
28100,"Kankakee, IL",82722,10477,26416,25960,19869
28140,"Kansas City, MO-KS",1732246,185486,629706,538691,378363
28420,"Kennewick-Richland, WA",233875,29836,89189,67988,46862
28450,"Kenosha, WI",133376,16547,43582,44426,28821
28660,"Killeen-Temple, TX",377164,53753,153820,104111,65480
28700,"Kingsport-Bristol, TN-VA",255831,22979,74002,85573,73277
28740,"Kingston, NY",152774,16667,46393,48692,41022
28880,"Kiryas Joel-Poughkeepsie-Newburgh, NY",553214,72724,175554,181522,123414
28940,"Knoxville, TN",764357,93800,244661,240075,185821
29020,"Kokomo, IN",65032,6757,20637,20359,17279
29100,"La Crosse-Onalaska, WI-MN",136382,22223,40367,39133,34659
29180,"Lafayette, LA",317496,33896,115473,98610,69517
29200,"Lafayette-West Lafayette, IN",183275,49325,56240,44977,32733
29340,"Lake Charles, LA",183168,20155,64379,56514,42120
29420,"Lake Havasu City-Kingman, AZ",190682,12966,45113,56025,76578
29460,"Lakeland-Winter Haven, FL",666929,74677,230687,197657,163908
29540,"Lancaster, PA",435075,49810,141224,128440,115601
29620,"Lansing-East Lansing, MI",385422,70866,124124,106698,83734
29700,"Laredo, TX",189615,31743,71624,56903,29345
29740,"Las Cruces, NM",178227,33843,57377,46524,40483
29820,"Las Vegas-Henderson-North Las Vegas, NV",1883643,193548,698405,596059,395631
29940,"Lawrence, KS",101246,28113,31550,23515,18068
30020,"Lawton, OK",97137,14096,37130,26784,19127
30140,"Lebanon, PA",113070,12055,34689,35659,30667
30300,"Lewiston, ID-WA",52218,5078,15723,15996,15421
30340,"Lewiston-Auburn, ME",92002,11447,29234,28590,22731
30460,"Lexington-Fayette, KY",418798,63943,144547,123742,86566
30500,"Lexington Park, MD",162238,17515,56242,54267,34214
30620,"Lima, OH",77435,9245,24337,23876,19977
30700,"Lincoln, NE",273684,51734,92035,73330,56585
30780,"Little Rock-North Little Rock-Conway, AR",593273,72708,207434,180866,132265
30860,"Logan, UT-ID",115573,29331,41430,27523,17289
30980,"Longview, TX",224206,28328,74265,69051,52562
31020,"Longview-Kelso, WA",88798,8212,29196,27995,23395
31080,"Los Angeles-Long Beach-Anaheim, CA",10339763,1156334,3778057,3279919,2125453
31140,"Louisville/Jefferson County, KY-IN",1085925,112484,378587,346119,248735
31180,"Lubbock, TX",280506,56919,99690,72796,51101
31340,"Lynchburg, VA",214707,33235,62795,63425,55252
31420,"Macon-Bibb County, GA",182649,20960,60943,57388,43358
31540,"Madison, WI",571286,90871,202066,159832,118517
31700,"Manchester-Nashua, NH",348313,34700,119459,114428,79726
31740,"Manhattan, KS",104321,30140,38720,19795,15666
31860,"Mankato, MN",84366,20344,25423,20975,17624
31900,"Mansfield, OH",98137,10329,31943,29947,25918
32580,"McAllen-Edinburg-Mission, TX",639689,104057,238791,186384,110457
32780,"Medford, OR",177236,16082,54922,52022,54210
32820,"Memphis, TN-MS-AR",1009834,116695,360707,318730,213702
32900,"Merced, CA",214218,35257,82196,61013,35752
33100,"Miami-Fort Lauderdale-West Palm Beach, FL",5186071,512174,1707555,1696926,1269416
33140,"Michigan City-La Porte, IN",88142,8642,28762,27871,22867
33220,"Midland, MI",66763,6214,21298,21282,17969
33260,"Midland, TX",133220,16592,60068,36057,20503
33340,"Milwaukee-Waukesha, WI",1227145,137669,427762,376897,284817
33460,"Minneapolis-St. Paul-Bloomington, MN-WI",2904275,316221,1061528,905806,620720
33500,"Minot, ND",57933,8193,22304,15323,12113
33540,"Missoula, MT",105299,15840,37910,28047,23502
33660,"Mobile, AL",317766,35997,108521,98245,75003
33700,"Modesto, CA",412240,53686,154176,124789,79589
33740,"Monroe, LA",169392,19890,56778,52589,40135
33780,"Monroe, MI",124239,11518,38228,41762,32731
33860,"Montgomery, AL",297821,34558,102617,93520,67126
34060,"Morgantown, WV",119404,25938,39976,30650,22840
34100,"Morristown, TN",99677,10598,30260,34320,24499
34580,"Mount Vernon-Anacortes, WA",105672,9507,33460,31322,31383
34620,"Muncie, IN",92625,21316,25731,25138,20440
34740,"Muskegon-Norton Shores, MI",138669,14101,46653,43501,34414
34820,"Myrtle Beach-Conway-North Myrtle Beach, SC",345706,32799,85601,113110,114196
34900,"Napa, CA",108121,11116,32741,34606,29658
34940,"Naples-Marco Island, FL",349094,27043,78246,101038,142767
34980,"Nashville-Davidson--Murfreesboro--Franklin, TN",1666861,196621,637007,516949,316284
35300,"New Haven, CT",466152,61206,149787,142535,112624
35380,"New Orleans-Metairie, LA",758368,79302,265262,232481,181323
35620,"New York-Newark-Jersey City, NY-NJ",15805908,1676878,5549321,5009533,3570176
35660,"Niles, MI",121001,12415,35810,38487,34289
35840,"North Port-Bradenton-Sarasota, FL",790450,56832,180540,239005,314073
35980,"Norwich-New London-Willimantic, CT",229629,28115,72565,70542,58407
36100,"Ocala, FL",349494,28169,96113,103001,122211
36220,"Odessa, TX",118452,16911,51338,33361,16842
36260,"Ogden, UT",484475,65569,193727,143472,81707
36420,"Oklahoma City, OK",1144322,154962,422122,335154,232084
36500,"Olympia-Lacey-Tumwater, WA",241422,22156,88342,71508,59416
36540,"Omaha, NE-IA",754352,90200,279431,228927,155794
36740,"Orlando-Kissimmee-Sanford, FL",2325748,265600,861610,723179,475359
36780,"Oshkosh-Neenah, WI",139106,19666,45641,42027,31772
36980,"Owensboro, KY",86209,9555,28305,27101,21248
37100,"Oxnard-Thousand Oaks-Ventura, CA",659010,74032,218710,211042,155226
37140,"Paducah, KY-IL",80780,7505,24705,26249,22321
37340,"Palm Bay-Melbourne-Titusville, FL",541273,46576,155454,173794,165449
37460,"Panama City-Panama City Beach, FL",178509,17792,60483,58292,41942
37620,"Parkersburg-Vienna, WV",69752,6172,20542,23147,19891
37860,"Pensacola-Ferry Pass-Brent, FL",426454,51315,145879,131934,97326
37900,"Peoria, IL",281553,29878,92047,87281,72347
37980,"Philadelphia-Camden-Wilmington, PA-NJ-DE-MD",5004008,564909,1740211,1551123,1147765
38060,"Phoenix-Mesa-Chandler, AZ",4063799,480610,1462084,1218986,902119
38240,"Pinehurst-Southern Pines, NC",85043,6911,26559,25189,26384
38300,"Pittsburgh, PA",1980564,198363,629715,604753,547733
38340,"Pittsfield, MA",108984,12495,28637,33652,34200
38540,"Pocatello, ID",68869,9584,25521,19247,14517
38860,"Portland-South Portland, ME",472067,43712,150768,147639,129948
38900,"Portland-Vancouver-Hillsboro, OR-WA",2039517,196809,775952,629669,437087
38940,"Port St. Lucie, FL",453992,37536,125337,140206,150913
39150,"Prescott Valley-Prescott, AZ",214212,16248,46999,61994,88971
39300,"Providence-Warwick, RI-MA",1378311,163278,454169,432786,328078
39340,"Provo-Orem-Lehi, UT",528784,126866,214041,125458,62419
39380,"Pueblo, CO",133793,14188,44660,40321,34624
39460,"Punta Gorda, FL",187401,10363,35198,55680,86160
39540,"Racine-Mount Pleasant, WI",154371,16151,49686,50716,37818
39580,"Raleigh-Cary, NC",1210064,138778,456461,396325,218500
39660,"Rapid City, SD",123508,13279,39333,37602,33294
39740,"Reading, PA",343920,42364,109808,109449,82299
39820,"Redding, CA",142665,13481,46580,42465,40139
39900,"Reno, NV",459930,48167,164443,137522,109798
40060,"Richmond, VA",1082127,119183,388566,333891,240487
40140,"Riverside-San Bernardino-Ontario, CA",3603470,453521,1340276,1107490,702183
40220,"Roanoke, VA",252961,25366,76991,80905,69699
40340,"Rochester, MN",177016,18322,61905,53418,43371
40380,"Rochester, NY",849647,100930,271110,259462,218145
40420,"Rockford, IL",258857,28732,83311,82747,64067
40580,"Rocky Mount, NC",114480,11706,35100,37173,30501
40660,"Rome, GA",78597,10888,25755,24362,17592
40900,"Sacramento-Roseville-Folsom, CA",1930302,229267,685344,585154,430537
40980,"Saginaw, MI",148395,17212,45719,45606,39858
41060,"St. Cloud, MN",156873,26558,51252,45262,33801
41100,"St. George, UT",158739,19948,49399,42661,46731
41140,"St. Joseph, MO-KS",92873,10582,30379,28991,22921
41180,"St. Louis, MO-IL",2213313,232342,750669,694466,535836
41420,"Salem, OR",344016,44771,119928,100403,78914
41500,"Salinas, CA",326450,45004,115342,97283,68821
41540,"Salisbury, MD",103128,18506,31832,29595,23195
41620,"Salt Lake City-Murray, UT",983157,133352,404020,285409,160376
41660,"San Angelo, TX",93363,12677,33597,25261,21828
41700,"San Antonio-New Braunfels, TX",2105152,266676,806790,634111,397575
41740,"San Diego-Chula Vista-Carlsbad, CA",2627206,322511,999025,768247,537423
41780,"Sandusky, OH",92712,8119,24752,29836,30005
41860,"San Francisco-Oakland-Fremont, CA",3780593,361846,1386330,1193506,838911
41940,"San Jose-Sunnyvale-Santa Clara, CA",1604612,183846,617810,492517,310439
42020,"San Luis Obispo-Paso Robles, CA",233591,43650,62874,61341,65726
42100,"Santa Cruz-Watsonville, CA",216210,39399,61012,62413,53386
42140,"Santa Fe, NM",133767,11517,36116,39778,46356
42200,"Santa Maria-Santa Barbara, CA",345929,68841,108458,91379,77251
42220,"Santa Rosa-Petaluma, CA",395970,38498,123525,123419,110528
42340,"Savannah, GA",336493,42019,124783,100466,69225
42540,"Scranton--Wilkes-Barre, PA",458061,50233,142407,145346,120075
42660,"Seattle-Tacoma-Bellevue, WA",3305459,334671,1371088,978729,620971
42680,"Sebastian-Vero Beach-West Vero Corridor, FL",146767,9569,32337,42758,62103
42700,"Sebring, FL",91738,6392,21194,24508,39644
43100,"Sheboygan, WI",93577,9912,28673,30317,24675
43300,"Sherman-Denison, TX",114714,12685,37957,36540,27532
43340,"Shreveport-Bossier City, LA",292554,31465,100504,89350,71235
43420,"Sierra Vista-Douglas, AZ",100616,9689,29930,28246,32751
43580,"Sioux City, IA-NE-SD",108350,14128,37274,32950,23998
43620,"Sioux Falls, SD-MN",231169,25763,88544,69853,47009
43640,"Slidell-Mandeville-Covington, LA",213503,21724,67857,70088,53834
43780,"South Bend-Mishawaka, IN-MI",252646,35109,82162,75108,60267
43900,"Spartanburg, SC",305139,34818,106850,96433,67038
44060,"Spokane-Spokane Valley, WA",477825,51938,169997,141803,114087
44100,"Springfield, IL",162155,16654,51308,51930,42263
44140,"Springfield, MA",368909,45396,121109,113665,88739
44180,"Springfield, MO",387170,54960,130201,113646,88363
44220,"Springfield, OH",104824,10785,32382,33544,28113
44300,"State College, PA",136764,38317,37464,34054,26929
44420,"Staunton-Stuarts Draft, VA",104176,9752,32978,32840,28606
44700,"Stockton-Lodi, CA",609323,77848,229566,187503,114406
44940,"Sumter, SC",80416,10062,27121,23740,19493
45060,"Syracuse, NY",522736,69095,162852,160847,129942
45220,"Tallahassee, FL",322913,71525,100086,84634,66668
45300,"Tampa-St. Petersburg-Clearwater, FL",2773570,268145,918951,875125,711349
45460,"Terre Haute, IN",134251,20381,42721,39499,31650
45500,"Texarkana, TX-AR",111920,12043,37948,35392,26537
45780,"Toledo, OH",470253,62562,154526,141883,111282
45820,"Topeka, KS",180136,19684,56080,56377,47995
45900,"Traverse City, MI",128186,10750,36768,40003,40665
45940,"Trenton-Princeton, NJ",305821,39983,99745,100971,65122
46060,"Tucson, AZ",874702,127622,269730,235667,241683
46140,"Tulsa, OK",805620,94249,287587,245746,178038
46220,"Tuscaloosa, AL",224645,50049,69673,60649,44274
46300,"Twin Falls, ID",90410,10827,32823,26587,20173
46340,"Tyler, TX",189606,23703,64838,56243,44822
46520,"Urban Honolulu, HI",796909,86645,274028,231807,204429
46540,"Utica-Rome, NY",227678,25655,69286,71605,61132
46660,"Valdosta, GA",116267,20882,40098,32285,23002
46700,"Vallejo, CA",357585,37787,126262,109637,83899
47020,"Victoria, TX",74874,8698,25975,21824,18377
47220,"Vineland, NJ",117968,13655,41913,37308,25092
47260,"Virginia Beach-Chesapeake-Norfolk, VA-NC",1405197,171969,508825,415972,308431
47300,"Visalia, CA",343465,50465,132177,100823,60000
47380,"Waco, TX",235876,41239,77546,65853,51238
47460,"Walla Walla, WA",49576,8068,15175,13518,12815
47580,"Warner Robins, GA",154022,19246,56166,48235,30375
47900,"Washington-Arlington-Alexandria, DC-VA-MD-WV",5003124,554936,1859627,1616358,972203
47930,"Waterbury-Shelton, CT",369786,36783,120958,119112,92933
47940,"Waterloo-Cedar Falls, IA",132550,23220,41217,36102,32011
48060,"Watertown-Fort Drum, NY",85830,12417,32655,22476,18282
48140,"Wausau, WI",108381,10235,34533,35487,28126
48260,"Weirton-Steubenville, WV-OH",92307,9969,25284,29239,27815
48300,"Wenatchee-East Wenatchee, WA",98182,10301,32601,28907,26373
48540,"Wheeling, WV-OH",110039,11111,32222,34429,32277
48620,"Wichita, KS",501340,61877,177421,148792,113250
48660,"Wichita Falls, TX",116223,17348,40405,32911,25559
48680,"Wildwood-The Villages, FL",143258,4585,18930,31197,88546
48700,"Williamsport, PA",90479,10517,28044,27357,24561
48900,"Wilmington, NC",400408,43888,111393,125261,119866
49020,"Winchester, VA-WV",117550,12116,36630,38442,30362
49180,"Winston-Salem, NC",553018,62811,175050,180570,134587
49340,"Worcester, MA",703361,81623,233596,229625,158517
49420,"Yakima, WA",185649,25879,67220,54090,38460
49620,"York-Hanover, PA",369446,37062,119607,120434,92343
49660,"Youngstown-Warren, OH",339748,33253,101803,105572,99120
49700,"Yuba City, CA",138181,16589,52010,40897,28685
49740,"Yuma, AZ",167539,22612,57331,40655,46941
10100,"Aberdeen, SD",32004,3673,10401,9676,8254
10140,"Aberdeen, WA",62806,5270,18760,19716,19060
10220,"Ada, OK",28764,3357,10057,8564,6786
10300,"Adrian, MI",78109,8807,23198,25047,21057
10460,"Alamogordo, NM",54890,8121,19423,14600,12746
10480,"Alamosa, CO",21329,3608,6531,5893,5297
10620,"Albemarle, NC",52803,5460,17250,17166,12927
10660,"Albert Lea, MN",23883,2182,6917,7303,7481
10700,"Albertville, AL",75408,8507,24328,24722,17851
10760,"Alexander City, AL",32665,2896,8863,10866,10040
10820,"Alexandria, MN",31512,2847,8952,9549,10164
10860,"Alice, TX",33413,4173,11728,9900,7612
10940,"Alma, MI",33434,4839,11106,9989,7500
10980,"Alpena, MI",23574,1937,6532,7478,7627
11060,"Altus, OK",18504,2534,6758,5138,4074
11140,"Americus, GA",26040,4462,7598,7740,6240
11220,"Amsterdam, NY",38122,3865,12294,12056,9907
11360,"Anderson Creek, NC",109631,12067,43698,33083,20783
11380,"Andrews, TX",12992,1759,5282,4018,1933
11420,"Angola, IN",28110,3806,7171,8984,8149
11580,"Arcadia, FL",30122,3048,9634,8645,8795
11620,"Ardmore, OK",37076,4110,12616,11678,8672
11660,"Arkadelphia, AR",16593,4289,4432,4302,3570
11680,"Arkansas City-Winfield, KS",26179,3444,8056,7989,6690
11740,"Ashland, OH",40697,4293,12452,12823,11129
11820,"Astoria, OR",33953,2823,9836,10375,10919
11860,"Atchison, KS",12770,2671,3436,3548,3115
11900,"Athens, OH",54147,17296,13943,13090,9818
11940,"Athens, TN",55801,5518,16550,18893,14840
11980,"Athens, TX",68868,6792,19859,21999,20218
12140,"Auburn, IN",33884,3465,11247,11096,8076
12180,"Auburn, NY",60480,5695,18344,19476,16965
12300,"Augusta-Waterville, ME",105044,11438,31497,33702,28407
12380,"Austin, MN",30603,3604,10233,9200,7566
12460,"Bainbridge, GA",22351,2667,7186,7171,5327
12520,"Baker City, OR",13506,946,3809,4021,4730
12660,"Baraboo, WI",51890,4825,16353,16730,13982
12740,"Barre, VT",49464,5144,14777,15777,13766
12780,"Bartlesville, OK",41133,4513,13326,12092,11202
12860,"Batavia, NY",46067,4473,14227,15151,12216
12900,"Batesville, AR",29294,3871,8994,9264,7165
13060,"Bay City, TX",26960,3040,8752,8214,6954
13100,"Beatrice, NE",16776,1544,4919,5491,4822
13180,"Beaver Dam, WI",72015,6846,22903,24369,17897
13260,"Bedford, IN",35781,3373,10858,11995,9555
13300,"Beeville, TX",25131,3639,10577,6813,4102
13340,"Bellefontaine, OH",35810,3387,10737,12188,9498
13420,"Bemidji, MN",35547,6067,11102,9793,8585
13540,"Bennington, VT",30438,3215,7667,9947,9609
13660,"Big Rapids, MI",34090,6275,8921,9876,9018
13700,"Big Spring, TX",23788,2900,9210,7383,4295
13860,"Bishop, CA",14869,1283,4374,4372,4840
13940,"Blackfoot, ID",36609,4860,12750,10911,8088
14100,"Bloomsburg-Berwick, PA",54530,10332,14648,15663,13887
14140,"Bluefield, WV-VA",77066,7612,22120,24385,22949
14180,"Blytheville, AR",28385,3411,9587,9198,6189
14220,"Bogalusa, LA",34432,3652,11012,10659,9109
14300,"Bonham, TX",30641,3309,10272,10000,7060
14380,"Boone, NC",48580,17383,10313,11010,9874
14420,"Borger, TX",15010,1678,4873,4734,3725
14620,"Bradford, PA",32045,3654,9345,10382,8664
14660,"Brainerd, MN",80456,6702,21253,25881,26620
14700,"Branson, MO",45038,5803,12338,13615,13282
14710,"Brattleboro, VT",38171,3691,10084,11983,12413
14720,"Breckenridge, CO",31997,2722,12880,10099,6296
14780,"Brenham, TX",30034,4622,7749,8550,9113
14820,"Brevard, NC",28849,2512,6877,8531,10929
14940,"Brigham City, UT-ID",48973,6340,18547,14516,9570
15020,"Brookhaven, MS",27047,2644,8733,9105,6565
15060,"Brookings, OR",19647,957,4035,5848,8807
15100,"Brookings, SD",28921,9050,8482,6197,5192
15220,"Brownwood, TX",30917,3496,9307,9735,8379
15340,"Bucyrus, OH",32732,3070,9824,10700,9138
15420,"Burley, ID",34588,4628,12171,10074,7715
15460,"Burlington, IA-IL",34982,3336,10322,11029,10295
15580,"Butte-Silver Bow, MT",29077,3820,9232,8649,7376
15620,"Cadillac, MI",38725,3537,11780,12370,11038
15660,"Calhoun, GA",46943,5251,15681,16143,9868
15700,"Cambridge, MD",26332,2255,7633,8356,8088
15740,"Cambridge, OH",29815,2854,9332,9710,7919
15780,"Camden, AR",20743,1991,6046,6734,5972
15820,"Campbellsville, KY",29755,3941,9040,9277,7497
15860,"Cañon City, CO",42421,3299,14403,12855,11864
15900,"Canton, IL",26218,2480,7963,8635,7140
16060,"Carbondale, IL",43227,11847,12090,10103,9187
16100,"Carlsbad-Artesia, NM",45537,5721,17029,13438,9349
16140,"Carroll, IA",15473,1582,4513,4877,4501
16260,"Cedar City, UT",48936,10219,16776,12378,9563
16340,"Cedartown, GA",33444,3814,11707,10806,7117
16380,"Celina, OH",31508,3299,9855,9736,8618
16460,"Centralia, IL",27991,2774,8489,9135,7593
16500,"Centralia, WA",68273,6062,21812,21263,19136
16660,"Charleston-Mattoon, IL",37906,7714,11086,10189,8917
17060,"Chillicothe, OH",60369,5744,19847,20400,14378
17220,"Clarksburg, WV",70882,6607,21781,23264,19230
17260,"Clarksdale, MS",14803,2127,4907,4294,3475
17340,"Clearlake, CA",52937,4362,15609,16174,16792
17380,"Cleveland, MS",21418,2719,7066,6488,5145
17500,"Clewiston, FL",46344,5489,17093,14059,9703
17540,"Clinton, IA",35503,3345,10603,11751,9804
17580,"Clovis, NM",49067,8644,18740,12249,9434
17650,"Cody, WY",24890,2379,6996,7355,8160
17740,"Coldwater, MI",35492,3618,11212,11341,9321
18060,"Columbus, MS",51060,6200,17212,15315,12333
18100,"Columbus, NE",33678,4002,10898,10339,8439
18180,"Concord, NH",129605,13743,41112,41429,33321
18220,"Connersville, IN",18220,1873,5345,6162,4840
18260,"Cookeville, TN",119029,16798,36523,37154,28554
18300,"Coos Bay-North Bend, OR",53449,4237,14294,15970,18948
18340,"Corbin, KY",114966,13003,38358,37720,25885
18380,"Cordele, GA",14993,1532,4553,4784,4124
18420,"Corinth, MS",26681,2871,8442,8666,6702
18460,"Cornelia, GA",38937,4851,12494,11966,9626
18500,"Corning, NY",72438,6747,21733,23962,19996
18620,"Corsicana, TX",41579,5580,13413,12981,9605
18660,"Cortland, NY",37604,8481,10178,10535,8410
18740,"Coshocton, OH",28301,2768,8777,9009,7747
18820,"Crawfordsville, IN",29913,3640,9131,9569,7573
18860,"Crescent City, CA",21503,1862,7494,6341,5806
18900,"Crossville, TN",54701,3695,12658,16598,21750
18980,"Cullman, AL",71993,6888,23399,23582,18124
19060,"Cumberland, MD-WV",76605,9417,23152,23308,20728
19180,"Danville, IL",54575,5572,16990,17084,14929
19220,"Danville, KY",43877,5393,13675,13977,10832
19260,"Danville, VA",81438,8094,22822,26100,24422
19540,"Decatur, IN",25251,3113,8212,7633,6293
19580,"Defiance, OH",30126,3394,9512,9167,8053
19620,"Del Rio, TX",34764,5763,13181,9357,6463
19700,"Deming, NM",19293,2697,5863,5397,5336
19760,"DeRidder, LA",27450,2862,9567,8713,6308
19810,"Detroit Lakes, MN",27481,2536,7754,8675,8516
19860,"Dickinson, ND",28368,3213,11152,7935,6068
19940,"Dixon, IL",27155,2345,8500,8743,7567
19980,"Dodge City, KS",23934,3791,8577,7368,4198
20060,"Douglas, GA",39254,4957,14152,12325,7820
20140,"Dublin, GA",45441,4768,14643,14703,11327
20180,"DuBois, PA",64217,5640,19101,21735,17741
20300,"Dumas, TX",14964,2063,5851,4508,2542
20340,"Duncan, OK",34277,3387,10667,10846,9377
20420,"Durango, CO",47361,5103,14853,14682,12723
20460,"Durant, OK",38379,4623,13800,11287,8669
20540,"Dyersburg, TN",27762,2940,9129,9037,6656
20660,"Easton, MD",31258,2517,7533,9515,11693
20700,"East Stroudsburg, PA",135544,14902,38338,47282,35022
20780,"Edwards, CO",43955,4304,15569,15251,8831
20820,"Effingham, IL",34428,3229,11123,10962,9114
20900,"El Campo, TX",31491,3943,10163,9511,7874
20980,"El Dorado, AR",28252,2944,8780,9103,7425
21020,"Elizabeth City, NC",32943,4199,10728,9820,8196
21120,"Elk City, OK",17092,2044,6413,4979,3656
21180,"Elkins, WV",22267,2297,6589,7038,6343
21220,"Elko, NV",41920,4554,16125,13322,7919
21260,"Ellensburg, WA",40124,9606,11061,10303,9154
21380,"Emporia, KS",27345,5801,8343,7151,6050
21460,"Enterprise, AL",42780,4534,14357,13921,9968
21540,"Escanaba, MI",29921,2540,7734,9540,10107
21580,"Española, NM",31218,3299,9131,9560,9228
21640,"Eufaula, AL-GA",21283,2105,6616,6577,5985
21700,"Eureka-Arcata, CA",108302,16231,33868,30388,27815
21740,"Evanston, WY-UT",17310,1910,5732,5321,4347
21860,"Fairmont, MN",15088,1362,4195,4551,4980
21900,"Fairmont, WV",44734,6508,13457,13279,11490
21980,"Fallon, NV",20166,1898,7069,5970,5229
22060,"Faribault-Northfield, MN",54536,9925,16698,16013,11900
22100,"Farmington, MO",53685,5954,18728,16903,12100
22190,"Fayetteville, TN",28603,2820,8565,9561,7657
22260,"Fergus Falls, MN",47756,3939,12683,14938,16196
22300,"Findlay, OH",58976,7031,19135,18362,14448
22340,"Fitzgerald, GA",12914,1424,4045,4175,3270
22580,"Forest City, NC",52669,4838,14757,17944,15130
22620,"Forrest City, AR",17254,1654,6248,5318,4034
22700,"Fort Dodge, IA",29016,4156,9083,8210,7567
22780,"Fort Leonard Wood, MO",42275,11436,16179,9194,5466
22800,"Fort Madison, IA",25468,2197,7697,8181,7393
22820,"Fort Morgan, CO",22310,2577,8304,6476,4953
22840,"Fort Payne, AL",55943,6321,17601,18773,13248
23140,"Frankfort, IN",24364,2995,7995,7725,5649
23180,"Frankfort, KY",60724,6545,19478,20307,14394
23190,"Franklin, KY",15619,1567,5309,5203,3540
23240,"Fredericksburg, TX",22696,1887,5312,6778,8719
23300,"Freeport, IL",34138,3110,9331,10865,10832
23340,"Fremont, NE",28407,3542,8960,8640,7265
23380,"Fremont, OH",46341,4635,14114,15074,12518
23500,"Gaffney, SC",44818,5044,14421,14878,10475
23620,"Gainesville, TX",34134,3645,10715,10911,8863
23660,"Galesburg, IL",38945,4863,11310,11739,11033
23680,"Gallipolis, OH",22229,2318,6701,7179,6031
23700,"Gallup, NM",51006,6553,18840,15395,10218
23780,"Garden City, KS",26986,4135,9932,8104,4815
23820,"Gardnerville Ranchos, NV-CA",43463,2717,9972,13106,17668
23940,"Gillette, WY",35581,3925,13494,11101,7061
23980,"Glasgow, KY",42782,4107,13590,14475,10610
24100,"Gloversville, NY",41835,3805,12440,14244,11346
24180,"Granbury, TX",55291,4713,15443,17147,17988
24330,"Grand Rapids, MN",36471,3108,9530,11643,12190
24460,"Great Bend, KS",18905,2006,5828,5606,5465
24600,"Greencastle, IN",30310,4679,9549,9336,6746
24620,"Greeneville, TN",59817,6373,16643,20268,16533
24640,"Greenfield, MA",59449,4709,17272,18717,18751
24700,"Greensburg, IN",20321,2139,6528,6693,4961
24740,"Greenville, MS",30669,3443,9575,9871,7780
24820,"Greenville, OH",39416,3942,11671,12831,10972
24900,"Greenwood, MS",27032,3302,8778,8341,6611
24940,"Greenwood, SC",74622,9330,21931,23322,20039
24980,"Grenada, MS",23224,2343,7243,7393,6245
25100,"Guymon, OK",14687,2120,5371,4593,2603
25200,"Hailey, ID",25853,2503,7315,8660,7375
25300,"Hannibal, MO",30280,3161,9239,9836,8044
25460,"Harrison, AR",35731,3364,10576,11395,10396
25580,"Hastings, NE",30994,3926,9532,9276,8260
25700,"Hays, KS",23313,5788,6873,5655,4997
25720,"Heber, UT",61510,7527,19171,21688,13124
25770,"Hemlock Farms, PA",51840,4079,13511,18257,15993
25775,"Henderson, KY",44049,4552,13822,14289,11386
25780,"Henderson, NC",32230,3576,9971,10177,8506
25820,"Hereford, TX",12811,1986,4541,3773,2511
25840,"Hermiston-Pendleton, OR",70238,8597,25100,20895,15646
25850,"Hermitage, PA",87930,9838,23880,27868,26344
25880,"Hillsdale, MI",35874,4183,9943,11491,10257
25900,"Hilo-Kailua, HI",167421,14396,49519,51200,52306
26020,"Hobbs, NM",53653,8297,21037,15527,8792
26090,"Holland, MI",94980,9272,30304,31448,23956
26220,"Hood River, OR",18815,1891,6069,6098,4757
26340,"Houghton, MI",32446,8766,8172,7732,7776
26460,"Hudson, NY",51170,3781,13601,16897,16891
26500,"Huntingdon, PA",35782,4153,10327,11212,10090
26540,"Huntington, IN",28988,3289,9056,9413,7230
26660,"Huntsville, TX",71505,14775,23836,20753,12141
26700,"Huron, SD",13903,1441,4585,4289,3588
26740,"Hutchinson, KS",48209,5638,15040,14604,12927
26780,"Hutchinson, MN",28943,2953,8906,9351,7733
26860,"Indiana, PA",68170,14077,17239,19077,17777
27020,"Iron Mountain, MI-WI",24998,1990,6716,8084,8208
27220,"Jackson, WY-ID",29789,2491,10995,9876,6427
27300,"Jacksonville, IL",30277,3812,8970,9286,8209
27380,"Jacksonville, TX",40048,4602,12865,12584,9997
27420,"Jamestown, ND",17292,2293,5197,5103,4699
27460,"Jamestown-Dunkirk, NY",98942,11134,28643,31115,28050
27540,"Jasper, IN",33238,3378,10131,11075,8654
27600,"Jefferson, GA",70572,7338,25965,23567,13702
27700,"Jesup, GA",24420,2580,8872,7762,5206
27940,"Juneau, AK",25295,2450,9239,8085,5521
28060,"Kalispell, MT",90154,7670,29523,28056,24905
28180,"Kapaa, HI",58466,4752,17875,18410,17429
28260,"Kearney, NE",44848,8154,14410,11966,10318
28300,"Keene, NH",64450,7242,18935,19718,18555
28340,"Kendallville, IN",36246,3950,11689,11845,8762
28380,"Kennett, MO",19963,2149,6140,6500,5174
28500,"Kerrville, TX",44205,4246,11073,12711,16175
28540,"Ketchikan, AK",11057,1012,3944,3426,2675
28580,"Key West-Key Largo, FL",68262,4481,18899,23938,20944
28620,"Kill Devil Hills, NC",31633,2449,7997,11092,10095
28680,"Kingsland, GA",44950,6397,16641,12248,9664
28780,"Kingsville, TX",23192,6443,7243,5273,4233
28820,"Kinston, NC",42760,4317,12765,13576,12102
28860,"Kirksville, MO",23908,7086,6197,5730,4895
28900,"Klamath Falls, OR",55290,5737,17038,16348,16167
29060,"Laconia, NH",54456,4223,14715,18655,16863
29260,"La Grande, OR",20486,2910,6237,5567,5772
29300,"LaGrange, GA-AL",80844,8574,26915,26321,19034
29380,"Lake City, FL",57665,5461,18698,18000,15506
29470,"Lake of the Woods, VA",30413,2591,9688,9897,8237
29660,"Laramie, WY",33432,11158,10212,6633,5429
29780,"Las Vegas, NM",25627,2719,6686,7747,8475
29860,"Laurel, MS",61782,7453,19237,19300,15792
29900,"Laurinburg, NC",26018,3219,8444,8006,6349
29980,"Lawrenceburg, TN",34873,3622,11234,11724,8293
30060,"Lebanon, MO",27725,2808,8755,9244,6918
30150,"Lebanon-Claremont, NH-VT",188084,19951,52850,58609,56674
30180,"Le Mars, IA",19477,2027,5919,6295,5236
30260,"Lewisburg, PA",34959,6302,10266,9729,8662
30280,"Lewisburg, TN",29011,2828,10091,9681,6411
30380,"Lewistown, PA",35688,3332,10409,11580,10367
30420,"Lexington, NE",19100,2252,6521,5770,4557
30580,"Liberal, KS",14614,2578,5268,4399,2369
30660,"Lincoln, IL",22296,2520,7598,6604,5574
30820,"Lock Haven, PA",30366,5227,8352,8866,7921
30900,"Logansport, IN",28876,3021,8872,9635,7348
31060,"Los Alamos, NM",15622,1280,5832,4895,3615
31220,"Ludington, MI",23654,1956,6345,7362,7991
31260,"Lufkin, TX",66386,7919,22029,20971,15467
31300,"Lumberton, NC",87518,12064,28469,27729,19256
31380,"Macomb, IL",21742,5539,5664,5278,5261
31500,"Madison, IN",26494,3127,7994,8623,6750
31580,"Madisonville, KY",34952,3491,11221,11315,8925
31620,"Magnolia, AR",17390,3907,4761,4721,4001
31680,"Malvern, AR",27014,2672,8699,8988,6655
31820,"Manitowoc, WI",65543,5925,18267,21983,19368
31930,"Marietta, OH",47058,4955,13602,14942,13559
31940,"Marinette, WI-MI",53770,4246,13603,18201,17720
31980,"Marion, IN",52262,8576,14532,15911,13243
32000,"Marion, NC",36772,3376,10940,12411,10045
32020,"Marion, OH",51051,5172,17058,16253,12568
32060,"Marion-Herrin, IL",53310,4700,17357,17280,13973
32100,"Marquette, MI",56397,11090,16204,14868,14235
32140,"Marshall, MN",18959,2532,6053,5593,4781
32180,"Marshall, MO",18259,3497,5183,5273,4306
32260,"Marshalltown, IA",30254,3557,9938,9318,7441
32280,"Martin, TN",26868,5619,7434,7597,6218
32300,"Martinsville, VA",50002,4755,13814,16488,14945
32340,"Maryville, MO",17005,4751,4283,4076,3895
32380,"Mason City, IA",39529,3701,11169,12292,12367
32390,"Massena-Ogdensburg, NY",85621,14550,23762,26293,21016
32460,"Mayfield, KY",27960,2747,8817,9261,7135
32540,"McAlester, OK",33708,3467,10910,10426,8905
32620,"McComb, MS",40000,4848,12120,12745,10287
32660,"McMinnville, TN",33573,3476,11037,11116,7944
32700,"McPherson, KS",23724,3446,7109,6720,6449
32740,"Meadville, PA",65396,6767,18189,20884,19556
32860,"Menomonie, WI",37400,8125,10786,10226,8263
32940,"Meridian, MS",66318,7199,20820,20897,17402
33020,"Mexico, MO",18848,1845,6063,5977,4963
33060,"Miami, OK",22727,2982,7299,6959,5487
33180,"Middlesborough, KY",17973,1830,5577,5966,4600
33300,"Milledgeville, GA",35822,8219,9609,9912,8082
33380,"Minden, LA",27271,2665,8249,8841,7516
33420,"Mineral Wells, TX",23315,2315,7156,7562,6282
33580,"Mitchell, SD",19674,2135,6027,6081,5431
33620,"Moberly, MO",18736,1943,6402,6116,4275
33900,"Monticello, IN",19162,1929,5440,6175,5618
33910,"Monticello, NY",63227,6478,19844,20847,16058
33940,"Montrose, CO",36052,3042,10089,10857,12064
33980,"Morehead City, NC",58772,4436,14318,19956,20062
34020,"Morgan City, LA",35246,3562,10724,11712,9248
34140,"Moscow, ID",34091,9311,10566,7790,6424
34180,"Moses Lake, WA",76228,10827,27669,22015,15717
34220,"Moultrie, GA",34958,4234,11753,11236,7735
34260,"Mountain Home, AR",35550,2606,8651,10873,13420
34300,"Mountain Home, ID",22584,3381,8598,5956,4649
34340,"Mount Airy, NC",56657,5523,16215,19526,15393
34380,"Mount Pleasant, MI",53534,16679,14679,12525,9651
34420,"Mount Pleasant, TX",42040,5078,13479,13304,10179
34460,"Mount Sterling, KY",36965,3636,11842,12746,8741
34500,"Mount Vernon, IL",28171,2686,8857,9093,7535
34540,"Mount Vernon, OH",49478,7203,14157,15176,12942
34660,"Murray, KY",31831,7847,8740,8383,6861
34680,"Murrells Inlet, SC",55360,4480,12170,17412,21298
34700,"Muscatine, IA",32387,3477,10269,10562,8079
34780,"Muskogee, OK",50611,6075,17461,15516,11559
34860,"Nacogdoches, TX",50634,11991,14713,13137,10793
34880,"Nantucket, MA",11768,1070,3994,4169,2535
35020,"Natchez, MS-LA",42246,4731,13391,12493,11631
35060,"Natchitoches, LA",27913,6272,7861,7418,6362
35100,"New Bern, NC",100936,12305,30186,28850,29595
35140,"Newberry, SC",30947,4071,8428,10157,8291
35220,"New Castle, IN",39280,3888,12481,13005,9906
35340,"New Iberia, LA",50691,5618,16672,16422,11979
35420,"New Philadelphia-Dover, OH",70749,7116,21894,22438,19301
35440,"Newport, OR",43556,3385,10029,13164,16978
35460,"Newport, TN",30043,2616,8502,10532,8393
35580,"New Ulm, MN",20080,2391,5809,5945,5935
35700,"Nogales, AZ",38105,4913,11911,11154,10127
35740,"Norfolk, NE",36563,4234,11839,11035,9455
35820,"North Platte, NE",26495,2692,7939,8339,7525
35900,"North Wilkesboro, NC",53260,5052,14730,17790,15688
35940,"Norwalk, OH",44756,4794,13964,14756,11242
36020,"Oak Harbor, WA",71854,6428,21698,19242,24486
36180,"Ocean Pines, MD",45190,3573,11115,14241,16261
36340,"Oil City, PA",40146,3160,10624,13323,13039
36380,"Okeechobee, FL",33242,2996,10748,10604,8894
36460,"Olean, NY",59290,6796,16835,19249,16410
36580,"Oneonta, NY",51777,12654,11881,13712,13530
36620,"Ontario, OR-ID",44843,5161,14988,13536,11158
36660,"Opelousas, LA",59583,6851,19654,18896,14182
36700,"Orangeburg, SC",65670,9477,18117,20063,18013
36820,"Oskaloosa, IA",16975,2187,5237,5141,4410
36830,"Othello, WA",13923,2363,5009,3955,2596
36837,"Ottawa, IL",116284,11446,35151,37483,32204
36840,"Ottawa, KS",20373,2355,6402,6619,4997
36900,"Ottumwa, IA",27265,3091,9109,8349,6716
36940,"Owatonna, MN",28589,3047,9007,9017,7518
37020,"Owosso, MI",54152,5028,16744,18202,14178
37060,"Oxford, MS",58994,15097,17348,15085,11464
37120,"Ozark, AL",38383,4090,13214,11604,9475
37220,"Pahrump, NV",46880,3315,11322,14532,17711
37260,"Palatka, FL",61168,5409,17172,19720,18867
37300,"Palestine, TX",48249,4780,19308,14737,9424
37420,"Pampa, TX",16387,1772,5815,5053,3747
37500,"Paragould, AR",35951,3898,12427,11647,7979
37540,"Paris, TN",26431,2313,7192,8904,8022
37580,"Paris, TX",48143,4858,15018,15241,13026
37740,"Payson, AZ",44033,3403,10628,12631,17371
37800,"Pella, IA",26347,3517,7748,8226,6856
37940,"Peru, IN",28308,2964,9424,9149,6771
37950,"Petoskey, MI",28038,2399,7754,8840,9045
38100,"Picayune, MS",45474,5142,13717,14748,11867
38180,"Pierre, SD",15718,1543,5070,5029,4076
38210,"Pikeville, KY",71163,7068,21256,24094,18745
38220,"Pine Bluff, AR",55959,6905,17795,17112,14147
38260,"Pittsburg, KS",30253,6725,8946,8163,6419
38380,"Plainview, TX",27639,4024,9795,8082,5738
38420,"Platteville, WI",41459,8637,11308,11414,10100
38460,"Plattsburgh, NY",64020,9429,18868,19764,15959
38500,"Plymouth, IN",35394,4108,10709,11515,9062
38620,"Ponca City, OK",32823,3884,10560,9746,8633
38700,"Pontiac, IL",27684,2738,8877,8632,7437
38740,"Poplar Bluff, MO",32145,3490,10241,10080,8334
38820,"Port Angeles, WA",65843,4231,16807,18695,26110
38920,"Port Lavaca, TX",15436,1713,4760,4888,4075
39020,"Portsmouth, OH",56414,6402,18001,18069,13942
39040,"Port Townsend, WA",30274,1411,6042,8345,14476
39060,"Pottsville, PA",115878,11141,35583,38105,31049
39220,"Price, UT",15555,1880,5039,4584,4052
39420,"Pullman, WA",40828,15189,12110,7618,5911
39480,"Putnam, CT",79995,6782,25339,27160,20714
39500,"Quincy, IL-MO",57744,6711,17391,17721,15921
39700,"Raymondville, TX",15414,2529,5856,4044,2985
39780,"Red Bluff, CA",49038,4981,15411,15214,13432
39860,"Red Wing, MN",37730,3340,11700,12129,10561
39940,"Rexburg, ID",55178,26986,14008,8325,5859
39960,"Rice Lake, WI",37145,3224,10421,11924,11576
39980,"Richmond, IN",51524,5963,15629,16571,13361
40080,"Richmond-Berea, KY",102898,18057,32587,31198,21056
40090,"Rifle, CO",62484,6551,21979,19887,14067
40100,"Rio Grande City-Roma, TX",45331,7438,16898,13334,7661
40180,"Riverton, WY",30249,3400,9352,9220,8277
40260,"Roanoke Rapids, NC",50637,4661,13880,16237,15859
40300,"Rochelle, IL",40183,3817,12347,13278,10741
40460,"Rockingham, NC",32119,3585,9995,10602,7937
40540,"Rock Springs, WY",31404,3634,11314,9743,6713
40620,"Rolla, MO",36130,7084,10800,9993,8253
40700,"Roseburg, OR",91002,7277,25743,27534,30448
40740,"Roswell, NM",48431,6500,16597,14227,11107
40760,"Ruidoso, NM",16588,1217,3874,4849,6648
40770,"Russellville, AL",23861,2671,7559,7923,5708
40780,"Russellville, AR",65379,8926,21048,20454,14951
40820,"Ruston, LA",38751,12185,10649,8711,7206
40860,"Rutland, VT",49927,4594,13633,15929,15771
40940,"Safford, AZ",29921,3989,11442,8475,6015
41260,"St. Marys, PA",24475,2050,6299,8474,7652
41400,"Salem, OH",79983,7015,23446,26305,23217
41460,"Salina, KS",45951,5149,14357,14329,12116
41760,"Sandpoint, ID",43397,3160,11600,14062,14575
41820,"Sanford, NC",52750,5657,17768,17311,12014
42300,"Sault Ste. Marie, MI",29858,4205,9514,8774,7365
42380,"Sayre, PA",46582,4174,13446,15002,13960
42420,"Scottsbluff, NE",27771,3033,8412,8327,7999
42460,"Scottsboro, AL",42572,3984,12700,14333,11555
42580,"Seaford, DE",223338,17018,51373,68630,86317
42620,"Searcy, AR",61157,8337,19320,19661,13839
42740,"Sedalia, MO",32969,3794,11041,10168,7966
42780,"Selinsgrove, PA",31651,4640,8761,9749,8501
42820,"Selma, AL",27377,2907,7884,8757,7829
42860,"Seneca, SC",67214,6105,17653,22098,21358
42900,"Seneca Falls, NY",26057,2553,8066,7906,7532
42940,"Sevierville, TN",79474,7430,23795,26929,21320
42980,"Seymour, IN",35194,3845,11663,11594,8092
43020,"Shawano, WI",35635,3292,9831,12249,10263
43060,"Shawnee, OK",57500,7291,19083,18269,12857
43140,"Shelby-Kings Mountain, NC",79539,8864,24681,26279,19715
43180,"Shelbyville, TN",40661,4928,14279,13280,8174
43220,"Shelton, WA",56178,4573,16872,17205,17528
43260,"Sheridan, WY",26207,2402,7833,8101,7871
43320,"Show Low, AZ",82659,8761,25444,25344,23110
43380,"Sidney, OH",36335,3973,11132,12120,9110
43460,"Sikeston, MO",37925,3903,12317,12107,9598
43500,"Silver City, NM",22734,2234,5359,6387,8754
43660,"Snyder, TX",12058,1644,4131,3593,2690
43700,"Somerset, KY",52432,4912,16012,17869,13639
43740,"Somerset, PA",59229,4926,16681,19581,18041
43760,"Sonora, CA",44661,3463,12873,12683,15642
43890,"Sparta, WI",34653,3354,11036,11433,8830
43940,"Spearfish, SD",24233,2904,6549,7375,7405
43980,"Spencer, IA",12817,1246,3797,3901,3873
44020,"Spirit Lake, IA",14776,1115,3740,4530,5391
44260,"Starkville, MS",50458,16709,14558,10702,8489
44340,"Statesboro, GA",76952,20427,23609,19790,13126
44460,"Steamboat Springs, CO",30978,2844,10347,10272,7515
44500,"Stephenville, TX",35355,8922,10236,9253,6944
44540,"Sterling, CO",17005,2091,5859,4781,4274
44580,"Sterling, IL",42708,4066,12693,13564,12385
44620,"Stevens Point-Plover, WI",59043,11637,16825,16669,13912
44660,"Stillwater, OK",69065,23064,20183,14175,11643
44740,"Storm Lake, IA",15346,2327,4966,4347,3706
44780,"Sturgis, MI",46548,4831,14790,14773,12154
44860,"Sulphur Springs, TX",29481,3270,9469,9317,7425
44900,"Summerville, GA",19780,2068,6455,6356,4901
44980,"Sunbury, PA",87055,7804,26483,27751,25017
45000,"Susanville, CA",22990,2383,8885,6371,5351
45020,"Sweetwater, TX",10715,1297,3338,3374,2706
45140,"Tahlequah, OK",38480,6718,12004,10864,8894
45180,"Talladega-Sylacauga, AL",73487,6790,22731,24715,19251
45340,"Taos, NM",29365,2190,7017,9062,11096
45380,"Taylorville, IL",26996,2568,8675,8809,6944
45520,"The Dalles, OR",20923,1979,6953,6127,5864
45580,"Thomaston, GA",21950,2219,6951,7388,5392
45620,"Thomasville, GA",55209,5889,17025,17850,14445
45660,"Tiffin, OH",43203,5886,12927,13269,11121
45700,"Tifton, GA",38259,4939,12899,11624,8797
45740,"Toccoa, GA",21572,2509,6451,6718,5894
45860,"Torrington, CT",94203,7916,26598,31787,27902
45880,"Town of Pecos, TX",8696,1202,3371,2619,1504
45980,"Troy, AL",26607,6969,7585,6658,5395
46020,"Truckee-Grass Valley, CA",85129,5532,22255,26169,31173
46100,"Tullahoma-Manchester, TN",52224,5055,17187,17400,12582
46180,"Tupelo, MS",101740,12970,33826,32468,22476
46380,"Ukiah, CA",70848,6376,20202,21228,23042
46460,"Union City, TN",23711,2305,7199,7613,6594
46500,"Urbana, OH",30499,2951,9455,10216,7877
46620,"Uvalde, TX",18415,2745,6267,5278,4125
46780,"Van Wert, OH",22265,2144,6924,7121,6076
46820,"Vermillion, SD",12632,4840,3371,2438,1983
46860,"Vernal, UT",26987,3512,10524,8003,4948
46900,"Vernon, TX",9899,1143,3267,3031,2458
46980,"Vicksburg, MS",32356,3437,10110,10477,8332
47080,"Vidalia, GA",27111,3370,9084,8389,6268
47180,"Vincennes, IN",28256,4235,8546,8486,6989
47240,"Vineyard Haven, MA",17420,1212,4290,5854,6064
47340,"Wabash, IN",24290,2460,7050,7787,6993
47420,"Wahpeton, ND-MN",18038,2781,5212,5159,4886
47540,"Wapakoneta, OH",35220,3564,10824,11336,9496
47620,"Warren, PA",30076,2391,8007,9940,9738
47660,"Warrensburg, MO",43331,10144,14620,10800,7767
47700,"Warsaw, IN",62073,7334,19856,19300,15583
47780,"Washington, IN",23919,2917,8188,7224,5590
47820,"Washington, NC",36210,3195,8929,12015,12071
47920,"Washington Court House, OH",22137,2248,7044,7442,5403
47980,"Watertown, SD",22730,2479,7145,7012,6094
48020,"Watertown-Fort Atkinson, WI",69953,9406,20522,22964,17061
48180,"Waycross, GA",42924,4744,14429,13661,10090
48200,"Waynesville, NC",52235,3912,14961,16790,16572
48220,"Weatherford, OK",29494,5434,9513,8047,6500
48460,"West Plains, MO",31103,3150,9681,10066,8206
48580,"Whitewater-Elkhorn, WI",86247,13649,22782,26959,22857
48780,"Williston, ND",28495,3454,12998,7635,4408
48820,"Willmar, MN",33780,3757,10524,10088,9411
48940,"Wilmington, OH",32565,3807,10080,10389,8289
48980,"Wilson, NC",61951,7131,19311,19846,15663
49010,"Winchester, TN",36460,5454,9978,11440,9588
49080,"Winnemucca, NV",12673,1348,4481,3894,2950
49100,"Winona, MN",41547,10031,10891,10714,9911
49220,"Wisconsin Rapids-Marshfield, WI",58451,5156,17259,18992,17044
49260,"Woodward, OK",15253,1640,5388,4642,3583
49300,"Wooster, OH",89062,11518,27310,27067,23167
49380,"Worthington, MN",15496,2030,4960,4693,3813
49460,"Yankton, SD",18642,2021,5520,5656,5445
49780,"Zanesville, OH",67153,7135,21436,21713,16869
49820,"Zapata, TX",9610,1519,3371,2820,1900
