date,year,month,quarter,state_name,state_abbr,minimum_wage
2023-01-01,2023,1,Q1,Federal,,7.25
2023-02-01,2023,2,Q1,Federal,,7.25
2023-03-01,2023,3,Q1,Federal,,7.25
2023-04-01,2023,4,Q2,Federal,,7.25
2023-05-01,2023,5,Q2,Federal,,7.25
2023-06-01,2023,6,Q2,Federal,,7.25
2023-07-01,2023,7,Q3,Federal,,7.25
2023-08-01,2023,8,Q3,Federal,,7.25
2023-09-01,2023,9,Q3,Federal,,7.25
2023-10-01,2023,10,Q4,Federal,,7.25
2023-11-01,2023,11,Q4,Federal,,7.25
2023-12-01,2023,12,Q4,Federal,,7.25
2024-01-01,2024,1,Q1,Federal,,7.25
2024-02-01,2024,2,Q1,Federal,,7.25
2024-03-01,2024,3,Q1,Federal,,7.25
2024-04-01,2024,4,Q2,Federal,,7.25
2024-05-01,2024,5,Q2,Federal,,7.25
2024-06-01,2024,6,Q2,Federal,,7.25
2024-07-01,2024,7,Q3,Federal,,7.25
2024-08-01,2024,8,Q3,Federal,,7.25
2024-09-01,2024,9,Q3,Federal,,7.25
2024-10-01,2024,10,Q4,Federal,,7.25
2024-11-01,2024,11,Q4,Federal,,7.25
2024-12-01,2024,12,Q4,Federal,,7.25
2025-01-01,2025,1,Q1,Federal,,7.25
2025-02-01,2025,2,Q1,Federal,,7.25
2025-03-01,2025,3,Q1,Federal,,7.25
2025-04-01,2025,4,Q2,Federal,,7.25
2025-05-01,2025,5,Q2,Federal,,7.25
2025-06-01,2025,6,Q2,Federal,,7.25
2025-07-01,2025,7,Q3,Federal,,7.25
2023-01-01,2023,1,Q1,Alaska,AK,10.85
2023-02-01,2023,2,Q1,Alaska,AK,10.85
2023-03-01,2023,3,Q1,Alaska,AK,10.85
2023-04-01,2023,4,Q2,Alaska,AK,10.85
2023-05-01,2023,5,Q2,Alaska,AK,10.85
2023-06-01,2023,6,Q2,Alaska,AK,10.85
2023-07-01,2023,7,Q3,Alaska,AK,10.85
2023-08-01,2023,8,Q3,Alaska,AK,10.85
2023-09-01,2023,9,Q3,Alaska,AK,10.85
2023-10-01,2023,10,Q4,Alaska,AK,10.85
2023-11-01,2023,11,Q4,Alaska,AK,10.85
2023-12-01,2023,12,Q4,Alaska,AK,10.85
2024-01-01,2024,1,Q1,Alaska,AK,11.73
2024-02-01,2024,2,Q1,Alaska,AK,11.73
2024-03-01,2024,3,Q1,Alaska,AK,11.73
2024-04-01,2024,4,Q2,Alaska,AK,11.73
2024-05-01,2024,5,Q2,Alaska,AK,11.73
2024-06-01,2024,6,Q2,Alaska,AK,11.73
2024-07-01,2024,7,Q3,Alaska,AK,11.73
2024-08-01,2024,8,Q3,Alaska,AK,11.73
2024-09-01,2024,9,Q3,Alaska,AK,11.73
2024-10-01,2024,10,Q4,Alaska,AK,11.73
2024-11-01,2024,11,Q4,Alaska,AK,11.73
2024-12-01,2024,12,Q4,Alaska,AK,11.73
2025-01-01,2025,1,Q1,Alaska,AK,11.73
2025-02-01,2025,2,Q1,Alaska,AK,11.73
2025-03-01,2025,3,Q1,Alaska,AK,11.73
2025-04-01,2025,4,Q2,Alaska,AK,11.73
2025-05-01,2025,5,Q2,Alaska,AK,11.73
2025-06-01,2025,6,Q2,Alaska,AK,11.73
2025-07-01,2025,7,Q3,Alaska,AK,11.73
2023-01-01,2023,1,Q1,Arizona,AZ,13.85
2023-02-01,2023,2,Q1,Arizona,AZ,13.85
2023-03-01,2023,3,Q1,Arizona,AZ,13.85
2023-04-01,2023,4,Q2,Arizona,AZ,13.85
2023-05-01,2023,5,Q2,Arizona,AZ,13.85
2023-06-01,2023,6,Q2,Arizona,AZ,13.85
2023-07-01,2023,7,Q3,Arizona,AZ,13.85
2023-08-01,2023,8,Q3,Arizona,AZ,13.85
2023-09-01,2023,9,Q3,Arizona,AZ,13.85
2023-10-01,2023,10,Q4,Arizona,AZ,13.85
2023-11-01,2023,11,Q4,Arizona,AZ,13.85
2023-12-01,2023,12,Q4,Arizona,AZ,13.85
2024-01-01,2024,1,Q1,Arizona,AZ,14.35
2024-02-01,2024,2,Q1,Arizona,AZ,14.35
2024-03-01,2024,3,Q1,Arizona,AZ,14.35
2024-04-01,2024,4,Q2,Arizona,AZ,14.35
2024-05-01,2024,5,Q2,Arizona,AZ,14.35
2024-06-01,2024,6,Q2,Arizona,AZ,14.35
2024-07-01,2024,7,Q3,Arizona,AZ,14.35
2024-08-01,2024,8,Q3,Arizona,AZ,14.35
2024-09-01,2024,9,Q3,Arizona,AZ,14.35
2024-10-01,2024,10,Q4,Arizona,AZ,14.35
2024-11-01,2024,11,Q4,Arizona,AZ,14.35
2024-12-01,2024,12,Q4,Arizona,AZ,14.35
2025-01-01,2025,1,Q1,Arizona,AZ,14.35
2025-02-01,2025,2,Q1,Arizona,AZ,14.35
2025-03-01,2025,3,Q1,Arizona,AZ,14.35
2025-04-01,2025,4,Q2,Arizona,AZ,14.35
2025-05-01,2025,5,Q2,Arizona,AZ,14.35
2025-06-01,2025,6,Q2,Arizona,AZ,14.35
2025-07-01,2025,7,Q3,Arizona,AZ,14.35
2023-01-01,2023,1,Q1,Arkansas,AR,11.0
2023-02-01,2023,2,Q1,Arkansas,AR,11.0
2023-03-01,2023,3,Q1,Arkansas,AR,11.0
2023-04-01,2023,4,Q2,Arkansas,AR,11.0
2023-05-01,2023,5,Q2,Arkansas,AR,11.0
2023-06-01,2023,6,Q2,Arkansas,AR,11.0
2023-07-01,2023,7,Q3,Arkansas,AR,11.0
2023-08-01,2023,8,Q3,Arkansas,AR,11.0
2023-09-01,2023,9,Q3,Arkansas,AR,11.0
2023-10-01,2023,10,Q4,Arkansas,AR,11.0
2023-11-01,2023,11,Q4,Arkansas,AR,11.0
2023-12-01,2023,12,Q4,Arkansas,AR,11.0
2024-01-01,2024,1,Q1,Arkansas,AR,11.0
2024-02-01,2024,2,Q1,Arkansas,AR,11.0
2024-03-01,2024,3,Q1,Arkansas,AR,11.0
2024-04-01,2024,4,Q2,Arkansas,AR,11.0
2024-05-01,2024,5,Q2,Arkansas,AR,11.0
2024-06-01,2024,6,Q2,Arkansas,AR,11.0
2024-07-01,2024,7,Q3,Arkansas,AR,11.0
2024-08-01,2024,8,Q3,Arkansas,AR,11.0
2024-09-01,2024,9,Q3,Arkansas,AR,11.0
2024-10-01,2024,10,Q4,Arkansas,AR,11.0
2024-11-01,2024,11,Q4,Arkansas,AR,11.0
2024-12-01,2024,12,Q4,Arkansas,AR,11.0
2025-01-01,2025,1,Q1,Arkansas,AR,11.0
2025-02-01,2025,2,Q1,Arkansas,AR,11.0
2025-03-01,2025,3,Q1,Arkansas,AR,11.0
2025-04-01,2025,4,Q2,Arkansas,AR,11.0
2025-05-01,2025,5,Q2,Arkansas,AR,11.0
2025-06-01,2025,6,Q2,Arkansas,AR,11.0
2025-07-01,2025,7,Q3,Arkansas,AR,11.0
2023-01-01,2023,1,Q1,California,CA,15.5
2023-02-01,2023,2,Q1,California,CA,15.5
2023-03-01,2023,3,Q1,California,CA,15.5
2023-04-01,2023,4,Q2,California,CA,15.5
2023-05-01,2023,5,Q2,California,CA,15.5
2023-06-01,2023,6,Q2,California,CA,15.5
2023-07-01,2023,7,Q3,California,CA,15.5
2023-08-01,2023,8,Q3,California,CA,15.5
2023-09-01,2023,9,Q3,California,CA,15.5
2023-10-01,2023,10,Q4,California,CA,15.5
2023-11-01,2023,11,Q4,California,CA,15.5
2023-12-01,2023,12,Q4,California,CA,15.5
2024-01-01,2024,1,Q1,California,CA,16.0
2024-02-01,2024,2,Q1,California,CA,16.0
2024-03-01,2024,3,Q1,California,CA,16.0
2024-04-01,2024,4,Q2,California,CA,16.0
2024-05-01,2024,5,Q2,California,CA,16.0
2024-06-01,2024,6,Q2,California,CA,16.0
2024-07-01,2024,7,Q3,California,CA,16.0
2024-08-01,2024,8,Q3,California,CA,16.0
2024-09-01,2024,9,Q3,California,CA,16.0
2024-10-01,2024,10,Q4,California,CA,16.0
2024-11-01,2024,11,Q4,California,CA,16.0
2024-12-01,2024,12,Q4,California,CA,16.0
2025-01-01,2025,1,Q1,California,CA,16.0
2025-02-01,2025,2,Q1,California,CA,16.0
2025-03-01,2025,3,Q1,California,CA,16.0
2025-04-01,2025,4,Q2,California,CA,16.0
2025-05-01,2025,5,Q2,California,CA,16.0
2025-06-01,2025,6,Q2,California,CA,16.0
2025-07-01,2025,7,Q3,California,CA,16.0
2023-01-01,2023,1,Q1,Colorado,CO,13.65
2023-02-01,2023,2,Q1,Colorado,CO,13.65
2023-03-01,2023,3,Q1,Colorado,CO,13.65
2023-04-01,2023,4,Q2,Colorado,CO,13.65
2023-05-01,2023,5,Q2,Colorado,CO,13.65
2023-06-01,2023,6,Q2,Colorado,CO,13.65
2023-07-01,2023,7,Q3,Colorado,CO,13.65
2023-08-01,2023,8,Q3,Colorado,CO,13.65
2023-09-01,2023,9,Q3,Colorado,CO,13.65
2023-10-01,2023,10,Q4,Colorado,CO,13.65
2023-11-01,2023,11,Q4,Colorado,CO,13.65
2023-12-01,2023,12,Q4,Colorado,CO,13.65
2024-01-01,2024,1,Q1,Colorado,CO,14.42
2024-02-01,2024,2,Q1,Colorado,CO,14.42
2024-03-01,2024,3,Q1,Colorado,CO,14.42
2024-04-01,2024,4,Q2,Colorado,CO,14.42
2024-05-01,2024,5,Q2,Colorado,CO,14.42
2024-06-01,2024,6,Q2,Colorado,CO,14.42
2024-07-01,2024,7,Q3,Colorado,CO,14.42
2024-08-01,2024,8,Q3,Colorado,CO,14.42
2024-09-01,2024,9,Q3,Colorado,CO,14.42
2024-10-01,2024,10,Q4,Colorado,CO,14.42
2024-11-01,2024,11,Q4,Colorado,CO,14.42
2024-12-01,2024,12,Q4,Colorado,CO,14.42
2025-01-01,2025,1,Q1,Colorado,CO,14.42
2025-02-01,2025,2,Q1,Colorado,CO,14.42
2025-03-01,2025,3,Q1,Colorado,CO,14.42
2025-04-01,2025,4,Q2,Colorado,CO,14.42
2025-05-01,2025,5,Q2,Colorado,CO,14.42
2025-06-01,2025,6,Q2,Colorado,CO,14.42
2025-07-01,2025,7,Q3,Colorado,CO,14.42
2023-01-01,2023,1,Q1,Connecticut,CT,15.0
2023-02-01,2023,2,Q1,Connecticut,CT,15.0
2023-03-01,2023,3,Q1,Connecticut,CT,15.0
2023-04-01,2023,4,Q2,Connecticut,CT,15.0
2023-05-01,2023,5,Q2,Connecticut,CT,15.0
2023-06-01,2023,6,Q2,Connecticut,CT,15.0
2023-07-01,2023,7,Q3,Connecticut,CT,15.0
2023-08-01,2023,8,Q3,Connecticut,CT,15.0
2023-09-01,2023,9,Q3,Connecticut,CT,15.0
2023-10-01,2023,10,Q4,Connecticut,CT,15.0
2023-11-01,2023,11,Q4,Connecticut,CT,15.0
2023-12-01,2023,12,Q4,Connecticut,CT,15.0
2024-01-01,2024,1,Q1,Connecticut,CT,15.69
2024-02-01,2024,2,Q1,Connecticut,CT,15.69
2024-03-01,2024,3,Q1,Connecticut,CT,15.69
2024-04-01,2024,4,Q2,Connecticut,CT,15.69
2024-05-01,2024,5,Q2,Connecticut,CT,15.69
2024-06-01,2024,6,Q2,Connecticut,CT,15.69
2024-07-01,2024,7,Q3,Connecticut,CT,15.69
2024-08-01,2024,8,Q3,Connecticut,CT,15.69
2024-09-01,2024,9,Q3,Connecticut,CT,15.69
2024-10-01,2024,10,Q4,Connecticut,CT,15.69
2024-11-01,2024,11,Q4,Connecticut,CT,15.69
2024-12-01,2024,12,Q4,Connecticut,CT,15.69
2025-01-01,2025,1,Q1,Connecticut,CT,15.69
2025-02-01,2025,2,Q1,Connecticut,CT,15.69
2025-03-01,2025,3,Q1,Connecticut,CT,15.69
2025-04-01,2025,4,Q2,Connecticut,CT,15.69
2025-05-01,2025,5,Q2,Connecticut,CT,15.69
2025-06-01,2025,6,Q2,Connecticut,CT,15.69
2025-07-01,2025,7,Q3,Connecticut,CT,15.69
2023-01-01,2023,1,Q1,Delaware,DE,11.75
2023-02-01,2023,2,Q1,Delaware,DE,11.75
2023-03-01,2023,3,Q1,Delaware,DE,11.75
2023-04-01,2023,4,Q2,Delaware,DE,11.75
2023-05-01,2023,5,Q2,Delaware,DE,11.75
2023-06-01,2023,6,Q2,Delaware,DE,11.75
2023-07-01,2023,7,Q3,Delaware,DE,11.75
2023-08-01,2023,8,Q3,Delaware,DE,11.75
2023-09-01,2023,9,Q3,Delaware,DE,11.75
2023-10-01,2023,10,Q4,Delaware,DE,11.75
2023-11-01,2023,11,Q4,Delaware,DE,11.75
2023-12-01,2023,12,Q4,Delaware,DE,11.75
2024-01-01,2024,1,Q1,Delaware,DE,13.25
2024-02-01,2024,2,Q1,Delaware,DE,13.25
2024-03-01,2024,3,Q1,Delaware,DE,13.25
2024-04-01,2024,4,Q2,Delaware,DE,13.25
2024-05-01,2024,5,Q2,Delaware,DE,13.25
2024-06-01,2024,6,Q2,Delaware,DE,13.25
2024-07-01,2024,7,Q3,Delaware,DE,13.25
2024-08-01,2024,8,Q3,Delaware,DE,13.25
2024-09-01,2024,9,Q3,Delaware,DE,13.25
2024-10-01,2024,10,Q4,Delaware,DE,13.25
2024-11-01,2024,11,Q4,Delaware,DE,13.25
2024-12-01,2024,12,Q4,Delaware,DE,13.25
2025-01-01,2025,1,Q1,Delaware,DE,13.25
2025-02-01,2025,2,Q1,Delaware,DE,13.25
2025-03-01,2025,3,Q1,Delaware,DE,13.25
2025-04-01,2025,4,Q2,Delaware,DE,13.25
2025-05-01,2025,5,Q2,Delaware,DE,13.25
2025-06-01,2025,6,Q2,Delaware,DE,13.25
2025-07-01,2025,7,Q3,Delaware,DE,13.25
2023-01-01,2023,1,Q1,Florida,FL,12.0
2023-02-01,2023,2,Q1,Florida,FL,12.0
2023-03-01,2023,3,Q1,Florida,FL,12.0
2023-04-01,2023,4,Q2,Florida,FL,12.0
2023-05-01,2023,5,Q2,Florida,FL,12.0
2023-06-01,2023,6,Q2,Florida,FL,12.0
2023-07-01,2023,7,Q3,Florida,FL,12.0
2023-08-01,2023,8,Q3,Florida,FL,12.0
2023-09-01,2023,9,Q3,Florida,FL,12.0
2023-10-01,2023,10,Q4,Florida,FL,12.0
2023-11-01,2023,11,Q4,Florida,FL,12.0
2023-12-01,2023,12,Q4,Florida,FL,12.0
2024-01-01,2024,1,Q1,Florida,FL,12.0
2024-02-01,2024,2,Q1,Florida,FL,12.0
2024-03-01,2024,3,Q1,Florida,FL,12.0
2024-04-01,2024,4,Q2,Florida,FL,12.0
2024-05-01,2024,5,Q2,Florida,FL,12.0
2024-06-01,2024,6,Q2,Florida,FL,12.0
2024-07-01,2024,7,Q3,Florida,FL,12.0
2024-08-01,2024,8,Q3,Florida,FL,12.0
2024-09-01,2024,9,Q3,Florida,FL,12.0
2024-10-01,2024,10,Q4,Florida,FL,12.0
2024-11-01,2024,11,Q4,Florida,FL,12.0
2024-12-01,2024,12,Q4,Florida,FL,12.0
2025-01-01,2025,1,Q1,Florida,FL,12.0
2025-02-01,2025,2,Q1,Florida,FL,12.0
2025-03-01,2025,3,Q1,Florida,FL,12.0
2025-04-01,2025,4,Q2,Florida,FL,12.0
2025-05-01,2025,5,Q2,Florida,FL,12.0
2025-06-01,2025,6,Q2,Florida,FL,12.0
2025-07-01,2025,7,Q3,Florida,FL,12.0
2023-01-01,2023,1,Q1,Georgia,GA,5.15
2023-02-01,2023,2,Q1,Georgia,GA,5.15
2023-03-01,2023,3,Q1,Georgia,GA,5.15
2023-04-01,2023,4,Q2,Georgia,GA,5.15
2023-05-01,2023,5,Q2,Georgia,GA,5.15
2023-06-01,2023,6,Q2,Georgia,GA,5.15
2023-07-01,2023,7,Q3,Georgia,GA,5.15
2023-08-01,2023,8,Q3,Georgia,GA,5.15
2023-09-01,2023,9,Q3,Georgia,GA,5.15
2023-10-01,2023,10,Q4,Georgia,GA,5.15
2023-11-01,2023,11,Q4,Georgia,GA,5.15
2023-12-01,2023,12,Q4,Georgia,GA,5.15
2024-01-01,2024,1,Q1,Georgia,GA,5.15
2024-02-01,2024,2,Q1,Georgia,GA,5.15
2024-03-01,2024,3,Q1,Georgia,GA,5.15
2024-04-01,2024,4,Q2,Georgia,GA,5.15
2024-05-01,2024,5,Q2,Georgia,GA,5.15
2024-06-01,2024,6,Q2,Georgia,GA,5.15
2024-07-01,2024,7,Q3,Georgia,GA,5.15
2024-08-01,2024,8,Q3,Georgia,GA,5.15
2024-09-01,2024,9,Q3,Georgia,GA,5.15
2024-10-01,2024,10,Q4,Georgia,GA,5.15
2024-11-01,2024,11,Q4,Georgia,GA,5.15
2024-12-01,2024,12,Q4,Georgia,GA,5.15
2025-01-01,2025,1,Q1,Georgia,GA,5.15
2025-02-01,2025,2,Q1,Georgia,GA,5.15
2025-03-01,2025,3,Q1,Georgia,GA,5.15
2025-04-01,2025,4,Q2,Georgia,GA,5.15
2025-05-01,2025,5,Q2,Georgia,GA,5.15
2025-06-01,2025,6,Q2,Georgia,GA,5.15
2025-07-01,2025,7,Q3,Georgia,GA,5.15
2023-01-01,2023,1,Q1,Hawaii,HI,12.0
2023-02-01,2023,2,Q1,Hawaii,HI,12.0
2023-03-01,2023,3,Q1,Hawaii,HI,12.0
2023-04-01,2023,4,Q2,Hawaii,HI,12.0
2023-05-01,2023,5,Q2,Hawaii,HI,12.0
2023-06-01,2023,6,Q2,Hawaii,HI,12.0
2023-07-01,2023,7,Q3,Hawaii,HI,12.0
2023-08-01,2023,8,Q3,Hawaii,HI,12.0
2023-09-01,2023,9,Q3,Hawaii,HI,12.0
2023-10-01,2023,10,Q4,Hawaii,HI,12.0
2023-11-01,2023,11,Q4,Hawaii,HI,12.0
2023-12-01,2023,12,Q4,Hawaii,HI,12.0
2024-01-01,2024,1,Q1,Hawaii,HI,14.0
2024-02-01,2024,2,Q1,Hawaii,HI,14.0
2024-03-01,2024,3,Q1,Hawaii,HI,14.0
2024-04-01,2024,4,Q2,Hawaii,HI,14.0
2024-05-01,2024,5,Q2,Hawaii,HI,14.0
2024-06-01,2024,6,Q2,Hawaii,HI,14.0
2024-07-01,2024,7,Q3,Hawaii,HI,14.0
2024-08-01,2024,8,Q3,Hawaii,HI,14.0
2024-09-01,2024,9,Q3,Hawaii,HI,14.0
2024-10-01,2024,10,Q4,Hawaii,HI,14.0
2024-11-01,2024,11,Q4,Hawaii,HI,14.0
2024-12-01,2024,12,Q4,Hawaii,HI,14.0
2025-01-01,2025,1,Q1,Hawaii,HI,14.0
2025-02-01,2025,2,Q1,Hawaii,HI,14.0
2025-03-01,2025,3,Q1,Hawaii,HI,14.0
2025-04-01,2025,4,Q2,Hawaii,HI,14.0
2025-05-01,2025,5,Q2,Hawaii,HI,14.0
2025-06-01,2025,6,Q2,Hawaii,HI,14.0
2025-07-01,2025,7,Q3,Hawaii,HI,14.0
2023-01-01,2023,1,Q1,Idaho,ID,7.25
2023-02-01,2023,2,Q1,Idaho,ID,7.25
2023-03-01,2023,3,Q1,Idaho,ID,7.25
2023-04-01,2023,4,Q2,Idaho,ID,7.25
2023-05-01,2023,5,Q2,Idaho,ID,7.25
2023-06-01,2023,6,Q2,Idaho,ID,7.25
2023-07-01,2023,7,Q3,Idaho,ID,7.25
2023-08-01,2023,8,Q3,Idaho,ID,7.25
2023-09-01,2023,9,Q3,Idaho,ID,7.25
2023-10-01,2023,10,Q4,Idaho,ID,7.25
2023-11-01,2023,11,Q4,Idaho,ID,7.25
2023-12-01,2023,12,Q4,Idaho,ID,7.25
2024-01-01,2024,1,Q1,Idaho,ID,7.25
2024-02-01,2024,2,Q1,Idaho,ID,7.25
2024-03-01,2024,3,Q1,Idaho,ID,7.25
2024-04-01,2024,4,Q2,Idaho,ID,7.25
2024-05-01,2024,5,Q2,Idaho,ID,7.25
2024-06-01,2024,6,Q2,Idaho,ID,7.25
2024-07-01,2024,7,Q3,Idaho,ID,7.25
2024-08-01,2024,8,Q3,Idaho,ID,7.25
2024-09-01,2024,9,Q3,Idaho,ID,7.25
2024-10-01,2024,10,Q4,Idaho,ID,7.25
2024-11-01,2024,11,Q4,Idaho,ID,7.25
2024-12-01,2024,12,Q4,Idaho,ID,7.25
2025-01-01,2025,1,Q1,Idaho,ID,7.25
2025-02-01,2025,2,Q1,Idaho,ID,7.25
2025-03-01,2025,3,Q1,Idaho,ID,7.25
2025-04-01,2025,4,Q2,Idaho,ID,7.25
2025-05-01,2025,5,Q2,Idaho,ID,7.25
2025-06-01,2025,6,Q2,Idaho,ID,7.25
2025-07-01,2025,7,Q3,Idaho,ID,7.25
2023-01-01,2023,1,Q1,Illinois,IL,13.0
2023-02-01,2023,2,Q1,Illinois,IL,13.0
2023-03-01,2023,3,Q1,Illinois,IL,13.0
2023-04-01,2023,4,Q2,Illinois,IL,13.0
2023-05-01,2023,5,Q2,Illinois,IL,13.0
2023-06-01,2023,6,Q2,Illinois,IL,13.0
2023-07-01,2023,7,Q3,Illinois,IL,13.0
2023-08-01,2023,8,Q3,Illinois,IL,13.0
2023-09-01,2023,9,Q3,Illinois,IL,13.0
2023-10-01,2023,10,Q4,Illinois,IL,13.0
2023-11-01,2023,11,Q4,Illinois,IL,13.0
2023-12-01,2023,12,Q4,Illinois,IL,13.0
2024-01-01,2024,1,Q1,Illinois,IL,14.0
2024-02-01,2024,2,Q1,Illinois,IL,14.0
2024-03-01,2024,3,Q1,Illinois,IL,14.0
2024-04-01,2024,4,Q2,Illinois,IL,14.0
2024-05-01,2024,5,Q2,Illinois,IL,14.0
2024-06-01,2024,6,Q2,Illinois,IL,14.0
2024-07-01,2024,7,Q3,Illinois,IL,14.0
2024-08-01,2024,8,Q3,Illinois,IL,14.0
2024-09-01,2024,9,Q3,Illinois,IL,14.0
2024-10-01,2024,10,Q4,Illinois,IL,14.0
2024-11-01,2024,11,Q4,Illinois,IL,14.0
2024-12-01,2024,12,Q4,Illinois,IL,14.0
2025-01-01,2025,1,Q1,Illinois,IL,14.0
2025-02-01,2025,2,Q1,Illinois,IL,14.0
2025-03-01,2025,3,Q1,Illinois,IL,14.0
2025-04-01,2025,4,Q2,Illinois,IL,14.0
2025-05-01,2025,5,Q2,Illinois,IL,14.0
2025-06-01,2025,6,Q2,Illinois,IL,14.0
2025-07-01,2025,7,Q3,Illinois,IL,14.0
2023-01-01,2023,1,Q1,Indiana,IN,7.25
2023-02-01,2023,2,Q1,Indiana,IN,7.25
2023-03-01,2023,3,Q1,Indiana,IN,7.25
2023-04-01,2023,4,Q2,Indiana,IN,7.25
2023-05-01,2023,5,Q2,Indiana,IN,7.25
2023-06-01,2023,6,Q2,Indiana,IN,7.25
2023-07-01,2023,7,Q3,Indiana,IN,7.25
2023-08-01,2023,8,Q3,Indiana,IN,7.25
2023-09-01,2023,9,Q3,Indiana,IN,7.25
2023-10-01,2023,10,Q4,Indiana,IN,7.25
2023-11-01,2023,11,Q4,Indiana,IN,7.25
2023-12-01,2023,12,Q4,Indiana,IN,7.25
2024-01-01,2024,1,Q1,Indiana,IN,7.25
2024-02-01,2024,2,Q1,Indiana,IN,7.25
2024-03-01,2024,3,Q1,Indiana,IN,7.25
2024-04-01,2024,4,Q2,Indiana,IN,7.25
2024-05-01,2024,5,Q2,Indiana,IN,7.25
2024-06-01,2024,6,Q2,Indiana,IN,7.25
2024-07-01,2024,7,Q3,Indiana,IN,7.25
2024-08-01,2024,8,Q3,Indiana,IN,7.25
2024-09-01,2024,9,Q3,Indiana,IN,7.25
2024-10-01,2024,10,Q4,Indiana,IN,7.25
2024-11-01,2024,11,Q4,Indiana,IN,7.25
2024-12-01,2024,12,Q4,Indiana,IN,7.25
2025-01-01,2025,1,Q1,Indiana,IN,7.25
2025-02-01,2025,2,Q1,Indiana,IN,7.25
2025-03-01,2025,3,Q1,Indiana,IN,7.25
2025-04-01,2025,4,Q2,Indiana,IN,7.25
2025-05-01,2025,5,Q2,Indiana,IN,7.25
2025-06-01,2025,6,Q2,Indiana,IN,7.25
2025-07-01,2025,7,Q3,Indiana,IN,7.25
2023-01-01,2023,1,Q1,Kansas,KS,7.25
2023-02-01,2023,2,Q1,Kansas,KS,7.25
2023-03-01,2023,3,Q1,Kansas,KS,7.25
2023-04-01,2023,4,Q2,Kansas,KS,7.25
2023-05-01,2023,5,Q2,Kansas,KS,7.25
2023-06-01,2023,6,Q2,Kansas,KS,7.25
2023-07-01,2023,7,Q3,Kansas,KS,7.25
2023-08-01,2023,8,Q3,Kansas,KS,7.25
2023-09-01,2023,9,Q3,Kansas,KS,7.25
2023-10-01,2023,10,Q4,Kansas,KS,7.25
2023-11-01,2023,11,Q4,Kansas,KS,7.25
2023-12-01,2023,12,Q4,Kansas,KS,7.25
2024-01-01,2024,1,Q1,Kansas,KS,7.25
2024-02-01,2024,2,Q1,Kansas,KS,7.25
2024-03-01,2024,3,Q1,Kansas,KS,7.25
2024-04-01,2024,4,Q2,Kansas,KS,7.25
2024-05-01,2024,5,Q2,Kansas,KS,7.25
2024-06-01,2024,6,Q2,Kansas,KS,7.25
2024-07-01,2024,7,Q3,Kansas,KS,7.25
2024-08-01,2024,8,Q3,Kansas,KS,7.25
2024-09-01,2024,9,Q3,Kansas,KS,7.25
2024-10-01,2024,10,Q4,Kansas,KS,7.25
2024-11-01,2024,11,Q4,Kansas,KS,7.25
2024-12-01,2024,12,Q4,Kansas,KS,7.25
2025-01-01,2025,1,Q1,Kansas,KS,7.25
2025-02-01,2025,2,Q1,Kansas,KS,7.25
2025-03-01,2025,3,Q1,Kansas,KS,7.25
2025-04-01,2025,4,Q2,Kansas,KS,7.25
2025-05-01,2025,5,Q2,Kansas,KS,7.25
2025-06-01,2025,6,Q2,Kansas,KS,7.25
2025-07-01,2025,7,Q3,Kansas,KS,7.25
2023-01-01,2023,1,Q1,Kentucky,KY,7.25
2023-02-01,2023,2,Q1,Kentucky,KY,7.25
2023-03-01,2023,3,Q1,Kentucky,KY,7.25
2023-04-01,2023,4,Q2,Kentucky,KY,7.25
2023-05-01,2023,5,Q2,Kentucky,KY,7.25
2023-06-01,2023,6,Q2,Kentucky,KY,7.25
2023-07-01,2023,7,Q3,Kentucky,KY,7.25
2023-08-01,2023,8,Q3,Kentucky,KY,7.25
2023-09-01,2023,9,Q3,Kentucky,KY,7.25
2023-10-01,2023,10,Q4,Kentucky,KY,7.25
2023-11-01,2023,11,Q4,Kentucky,KY,7.25
2023-12-01,2023,12,Q4,Kentucky,KY,7.25
2024-01-01,2024,1,Q1,Kentucky,KY,7.25
2024-02-01,2024,2,Q1,Kentucky,KY,7.25
2024-03-01,2024,3,Q1,Kentucky,KY,7.25
2024-04-01,2024,4,Q2,Kentucky,KY,7.25
2024-05-01,2024,5,Q2,Kentucky,KY,7.25
2024-06-01,2024,6,Q2,Kentucky,KY,7.25
2024-07-01,2024,7,Q3,Kentucky,KY,7.25
2024-08-01,2024,8,Q3,Kentucky,KY,7.25
2024-09-01,2024,9,Q3,Kentucky,KY,7.25
2024-10-01,2024,10,Q4,Kentucky,KY,7.25
2024-11-01,2024,11,Q4,Kentucky,KY,7.25
2024-12-01,2024,12,Q4,Kentucky,KY,7.25
2025-01-01,2025,1,Q1,Kentucky,KY,7.25
2025-02-01,2025,2,Q1,Kentucky,KY,7.25
2025-03-01,2025,3,Q1,Kentucky,KY,7.25
2025-04-01,2025,4,Q2,Kentucky,KY,7.25
2025-05-01,2025,5,Q2,Kentucky,KY,7.25
2025-06-01,2025,6,Q2,Kentucky,KY,7.25
2025-07-01,2025,7,Q3,Kentucky,KY,7.25
2023-01-01,2023,1,Q1,Maine,ME,13.8
2023-02-01,2023,2,Q1,Maine,ME,13.8
2023-03-01,2023,3,Q1,Maine,ME,13.8
2023-04-01,2023,4,Q2,Maine,ME,13.8
2023-05-01,2023,5,Q2,Maine,ME,13.8
2023-06-01,2023,6,Q2,Maine,ME,13.8
2023-07-01,2023,7,Q3,Maine,ME,13.8
2023-08-01,2023,8,Q3,Maine,ME,13.8
2023-09-01,2023,9,Q3,Maine,ME,13.8
2023-10-01,2023,10,Q4,Maine,ME,13.8
2023-11-01,2023,11,Q4,Maine,ME,13.8
2023-12-01,2023,12,Q4,Maine,ME,13.8
2024-01-01,2024,1,Q1,Maine,ME,14.15
2024-02-01,2024,2,Q1,Maine,ME,14.15
2024-03-01,2024,3,Q1,Maine,ME,14.15
2024-04-01,2024,4,Q2,Maine,ME,14.15
2024-05-01,2024,5,Q2,Maine,ME,14.15
2024-06-01,2024,6,Q2,Maine,ME,14.15
2024-07-01,2024,7,Q3,Maine,ME,14.15
2024-08-01,2024,8,Q3,Maine,ME,14.15
2024-09-01,2024,9,Q3,Maine,ME,14.15
2024-10-01,2024,10,Q4,Maine,ME,14.15
2024-11-01,2024,11,Q4,Maine,ME,14.15
2024-12-01,2024,12,Q4,Maine,ME,14.15
2025-01-01,2025,1,Q1,Maine,ME,14.15
2025-02-01,2025,2,Q1,Maine,ME,14.15
2025-03-01,2025,3,Q1,Maine,ME,14.15
2025-04-01,2025,4,Q2,Maine,ME,14.15
2025-05-01,2025,5,Q2,Maine,ME,14.15
2025-06-01,2025,6,Q2,Maine,ME,14.15
2025-07-01,2025,7,Q3,Maine,ME,14.15
2023-01-01,2023,1,Q1,Maryland,MD,13.25
2023-02-01,2023,2,Q1,Maryland,MD,13.25
2023-03-01,2023,3,Q1,Maryland,MD,13.25
2023-04-01,2023,4,Q2,Maryland,MD,13.25
2023-05-01,2023,5,Q2,Maryland,MD,13.25
2023-06-01,2023,6,Q2,Maryland,MD,13.25
2023-07-01,2023,7,Q3,Maryland,MD,13.25
2023-08-01,2023,8,Q3,Maryland,MD,13.25
2023-09-01,2023,9,Q3,Maryland,MD,13.25
2023-10-01,2023,10,Q4,Maryland,MD,13.25
2023-11-01,2023,11,Q4,Maryland,MD,13.25
2023-12-01,2023,12,Q4,Maryland,MD,13.25
2024-01-01,2024,1,Q1,Maryland,MD,15.0
2024-02-01,2024,2,Q1,Maryland,MD,15.0
2024-03-01,2024,3,Q1,Maryland,MD,15.0
2024-04-01,2024,4,Q2,Maryland,MD,15.0
2024-05-01,2024,5,Q2,Maryland,MD,15.0
2024-06-01,2024,6,Q2,Maryland,MD,15.0
2024-07-01,2024,7,Q3,Maryland,MD,15.0
2024-08-01,2024,8,Q3,Maryland,MD,15.0
2024-09-01,2024,9,Q3,Maryland,MD,15.0
2024-10-01,2024,10,Q4,Maryland,MD,15.0
2024-11-01,2024,11,Q4,Maryland,MD,15.0
2024-12-01,2024,12,Q4,Maryland,MD,15.0
2025-01-01,2025,1,Q1,Maryland,MD,15.0
2025-02-01,2025,2,Q1,Maryland,MD,15.0
2025-03-01,2025,3,Q1,Maryland,MD,15.0
2025-04-01,2025,4,Q2,Maryland,MD,15.0
2025-05-01,2025,5,Q2,Maryland,MD,15.0
2025-06-01,2025,6,Q2,Maryland,MD,15.0
2025-07-01,2025,7,Q3,Maryland,MD,15.0
2023-01-01,2023,1,Q1,Massachusetts,MA,15.0
2023-02-01,2023,2,Q1,Massachusetts,MA,15.0
2023-03-01,2023,3,Q1,Massachusetts,MA,15.0
2023-04-01,2023,4,Q2,Massachusetts,MA,15.0
2023-05-01,2023,5,Q2,Massachusetts,MA,15.0
2023-06-01,2023,6,Q2,Massachusetts,MA,15.0
2023-07-01,2023,7,Q3,Massachusetts,MA,15.0
2023-08-01,2023,8,Q3,Massachusetts,MA,15.0
2023-09-01,2023,9,Q3,Massachusetts,MA,15.0
2023-10-01,2023,10,Q4,Massachusetts,MA,15.0
2023-11-01,2023,11,Q4,Massachusetts,MA,15.0
2023-12-01,2023,12,Q4,Massachusetts,MA,15.0
2024-01-01,2024,1,Q1,Massachusetts,MA,15.0
2024-02-01,2024,2,Q1,Massachusetts,MA,15.0
2024-03-01,2024,3,Q1,Massachusetts,MA,15.0
2024-04-01,2024,4,Q2,Massachusetts,MA,15.0
2024-05-01,2024,5,Q2,Massachusetts,MA,15.0
2024-06-01,2024,6,Q2,Massachusetts,MA,15.0
2024-07-01,2024,7,Q3,Massachusetts,MA,15.0
2024-08-01,2024,8,Q3,Massachusetts,MA,15.0
2024-09-01,2024,9,Q3,Massachusetts,MA,15.0
2024-10-01,2024,10,Q4,Massachusetts,MA,15.0
2024-11-01,2024,11,Q4,Massachusetts,MA,15.0
2024-12-01,2024,12,Q4,Massachusetts,MA,15.0
2025-01-01,2025,1,Q1,Massachusetts,MA,15.0
2025-02-01,2025,2,Q1,Massachusetts,MA,15.0
2025-03-01,2025,3,Q1,Massachusetts,MA,15.0
2025-04-01,2025,4,Q2,Massachusetts,MA,15.0
2025-05-01,2025,5,Q2,Massachusetts,MA,15.0
2025-06-01,2025,6,Q2,Massachusetts,MA,15.0
2025-07-01,2025,7,Q3,Massachusetts,MA,15.0
2023-01-01,2023,1,Q1,Michigan,MI,10.1
2023-02-01,2023,2,Q1,Michigan,MI,10.1
2023-03-01,2023,3,Q1,Michigan,MI,10.1
2023-04-01,2023,4,Q2,Michigan,MI,10.1
2023-05-01,2023,5,Q2,Michigan,MI,10.1
2023-06-01,2023,6,Q2,Michigan,MI,10.1
2023-07-01,2023,7,Q3,Michigan,MI,10.1
2023-08-01,2023,8,Q3,Michigan,MI,10.1
2023-09-01,2023,9,Q3,Michigan,MI,10.1
2023-10-01,2023,10,Q4,Michigan,MI,10.1
2023-11-01,2023,11,Q4,Michigan,MI,10.1
2023-12-01,2023,12,Q4,Michigan,MI,10.1
2024-01-01,2024,1,Q1,Michigan,MI,10.33
2024-02-01,2024,2,Q1,Michigan,MI,10.33
2024-03-01,2024,3,Q1,Michigan,MI,10.33
2024-04-01,2024,4,Q2,Michigan,MI,10.33
2024-05-01,2024,5,Q2,Michigan,MI,10.33
2024-06-01,2024,6,Q2,Michigan,MI,10.33
2024-07-01,2024,7,Q3,Michigan,MI,10.33
2024-08-01,2024,8,Q3,Michigan,MI,10.33
2024-09-01,2024,9,Q3,Michigan,MI,10.33
2024-10-01,2024,10,Q4,Michigan,MI,10.33
2024-11-01,2024,11,Q4,Michigan,MI,10.33
2024-12-01,2024,12,Q4,Michigan,MI,10.33
2025-01-01,2025,1,Q1,Michigan,MI,10.33
2025-02-01,2025,2,Q1,Michigan,MI,10.33
2025-03-01,2025,3,Q1,Michigan,MI,10.33
2025-04-01,2025,4,Q2,Michigan,MI,10.33
2025-05-01,2025,5,Q2,Michigan,MI,10.33
2025-06-01,2025,6,Q2,Michigan,MI,10.33
2025-07-01,2025,7,Q3,Michigan,MI,10.33
2023-01-01,2023,1,Q1,Minnesota,MN,10.59
2023-02-01,2023,2,Q1,Minnesota,MN,10.59
2023-03-01,2023,3,Q1,Minnesota,MN,10.59
2023-04-01,2023,4,Q2,Minnesota,MN,10.59
2023-05-01,2023,5,Q2,Minnesota,MN,10.59
2023-06-01,2023,6,Q2,Minnesota,MN,10.59
2023-07-01,2023,7,Q3,Minnesota,MN,10.59
2023-08-01,2023,8,Q3,Minnesota,MN,10.59
2023-09-01,2023,9,Q3,Minnesota,MN,10.59
2023-10-01,2023,10,Q4,Minnesota,MN,10.59
2023-11-01,2023,11,Q4,Minnesota,MN,10.59
2023-12-01,2023,12,Q4,Minnesota,MN,10.59
2024-01-01,2024,1,Q1,Minnesota,MN,10.85
2024-02-01,2024,2,Q1,Minnesota,MN,10.85
2024-03-01,2024,3,Q1,Minnesota,MN,10.85
2024-04-01,2024,4,Q2,Minnesota,MN,10.85
2024-05-01,2024,5,Q2,Minnesota,MN,10.85
2024-06-01,2024,6,Q2,Minnesota,MN,10.85
2024-07-01,2024,7,Q3,Minnesota,MN,10.85
2024-08-01,2024,8,Q3,Minnesota,MN,10.85
2024-09-01,2024,9,Q3,Minnesota,MN,10.85
2024-10-01,2024,10,Q4,Minnesota,MN,10.85
2024-11-01,2024,11,Q4,Minnesota,MN,10.85
2024-12-01,2024,12,Q4,Minnesota,MN,10.85
2025-01-01,2025,1,Q1,Minnesota,MN,10.85
2025-02-01,2025,2,Q1,Minnesota,MN,10.85
2025-03-01,2025,3,Q1,Minnesota,MN,10.85
2025-04-01,2025,4,Q2,Minnesota,MN,10.85
2025-05-01,2025,5,Q2,Minnesota,MN,10.85
2025-06-01,2025,6,Q2,Minnesota,MN,10.85
2025-07-01,2025,7,Q3,Minnesota,MN,10.85
2023-01-01,2023,1,Q1,Montana,MT,9.95
2023-02-01,2023,2,Q1,Montana,MT,9.95
2023-03-01,2023,3,Q1,Montana,MT,9.95
2023-04-01,2023,4,Q2,Montana,MT,9.95
2023-05-01,2023,5,Q2,Montana,MT,9.95
2023-06-01,2023,6,Q2,Montana,MT,9.95
2023-07-01,2023,7,Q3,Montana,MT,9.95
2023-08-01,2023,8,Q3,Montana,MT,9.95
2023-09-01,2023,9,Q3,Montana,MT,9.95
2023-10-01,2023,10,Q4,Montana,MT,9.95
2023-11-01,2023,11,Q4,Montana,MT,9.95
2023-12-01,2023,12,Q4,Montana,MT,9.95
2024-01-01,2024,1,Q1,Montana,MT,10.3
2024-02-01,2024,2,Q1,Montana,MT,10.3
2024-03-01,2024,3,Q1,Montana,MT,10.3
2024-04-01,2024,4,Q2,Montana,MT,10.3
2024-05-01,2024,5,Q2,Montana,MT,10.3
2024-06-01,2024,6,Q2,Montana,MT,10.3
2024-07-01,2024,7,Q3,Montana,MT,10.3
2024-08-01,2024,8,Q3,Montana,MT,10.3
2024-09-01,2024,9,Q3,Montana,MT,10.3
2024-10-01,2024,10,Q4,Montana,MT,10.3
2024-11-01,2024,11,Q4,Montana,MT,10.3
2024-12-01,2024,12,Q4,Montana,MT,10.3
2025-01-01,2025,1,Q1,Montana,MT,10.3
2025-02-01,2025,2,Q1,Montana,MT,10.3
2025-03-01,2025,3,Q1,Montana,MT,10.3
2025-04-01,2025,4,Q2,Montana,MT,10.3
2025-05-01,2025,5,Q2,Montana,MT,10.3
2025-06-01,2025,6,Q2,Montana,MT,10.3
2025-07-01,2025,7,Q3,Montana,MT,10.3
2023-01-01,2023,1,Q1,Nebraska,NE,10.5
2023-02-01,2023,2,Q1,Nebraska,NE,10.5
2023-03-01,2023,3,Q1,Nebraska,NE,10.5
2023-04-01,2023,4,Q2,Nebraska,NE,10.5
2023-05-01,2023,5,Q2,Nebraska,NE,10.5
2023-06-01,2023,6,Q2,Nebraska,NE,10.5
2023-07-01,2023,7,Q3,Nebraska,NE,10.5
2023-08-01,2023,8,Q3,Nebraska,NE,10.5
2023-09-01,2023,9,Q3,Nebraska,NE,10.5
2023-10-01,2023,10,Q4,Nebraska,NE,10.5
2023-11-01,2023,11,Q4,Nebraska,NE,10.5
2023-12-01,2023,12,Q4,Nebraska,NE,10.5
2024-01-01,2024,1,Q1,Nebraska,NE,12.0
2024-02-01,2024,2,Q1,Nebraska,NE,12.0
2024-03-01,2024,3,Q1,Nebraska,NE,12.0
2024-04-01,2024,4,Q2,Nebraska,NE,12.0
2024-05-01,2024,5,Q2,Nebraska,NE,12.0
2024-06-01,2024,6,Q2,Nebraska,NE,12.0
2024-07-01,2024,7,Q3,Nebraska,NE,12.0
2024-08-01,2024,8,Q3,Nebraska,NE,12.0
2024-09-01,2024,9,Q3,Nebraska,NE,12.0
2024-10-01,2024,10,Q4,Nebraska,NE,12.0
2024-11-01,2024,11,Q4,Nebraska,NE,12.0
2024-12-01,2024,12,Q4,Nebraska,NE,12.0
2025-01-01,2025,1,Q1,Nebraska,NE,12.0
2025-02-01,2025,2,Q1,Nebraska,NE,12.0
2025-03-01,2025,3,Q1,Nebraska,NE,12.0
2025-04-01,2025,4,Q2,Nebraska,NE,12.0
2025-05-01,2025,5,Q2,Nebraska,NE,12.0
2025-06-01,2025,6,Q2,Nebraska,NE,12.0
2025-07-01,2025,7,Q3,Nebraska,NE,12.0
2023-01-01,2023,1,Q1,Nevada,NV,10.25
2023-02-01,2023,2,Q1,Nevada,NV,10.25
2023-03-01,2023,3,Q1,Nevada,NV,10.25
2023-04-01,2023,4,Q2,Nevada,NV,10.25
2023-05-01,2023,5,Q2,Nevada,NV,10.25
2023-06-01,2023,6,Q2,Nevada,NV,10.25
2023-07-01,2023,7,Q3,Nevada,NV,10.25
2023-08-01,2023,8,Q3,Nevada,NV,10.25
2023-09-01,2023,9,Q3,Nevada,NV,10.25
2023-10-01,2023,10,Q4,Nevada,NV,10.25
2023-11-01,2023,11,Q4,Nevada,NV,10.25
2023-12-01,2023,12,Q4,Nevada,NV,10.25
2024-01-01,2024,1,Q1,Nevada,NV,12.0
2024-02-01,2024,2,Q1,Nevada,NV,12.0
2024-03-01,2024,3,Q1,Nevada,NV,12.0
2024-04-01,2024,4,Q2,Nevada,NV,12.0
2024-05-01,2024,5,Q2,Nevada,NV,12.0
2024-06-01,2024,6,Q2,Nevada,NV,12.0
2024-07-01,2024,7,Q3,Nevada,NV,12.0
2024-08-01,2024,8,Q3,Nevada,NV,12.0
2024-09-01,2024,9,Q3,Nevada,NV,12.0
2024-10-01,2024,10,Q4,Nevada,NV,12.0
2024-11-01,2024,11,Q4,Nevada,NV,12.0
2024-12-01,2024,12,Q4,Nevada,NV,12.0
2025-01-01,2025,1,Q1,Nevada,NV,12.0
2025-02-01,2025,2,Q1,Nevada,NV,12.0
2025-03-01,2025,3,Q1,Nevada,NV,12.0
2025-04-01,2025,4,Q2,Nevada,NV,12.0
2025-05-01,2025,5,Q2,Nevada,NV,12.0
2025-06-01,2025,6,Q2,Nevada,NV,12.0
2025-07-01,2025,7,Q3,Nevada,NV,12.0
2023-01-01,2023,1,Q1,New Hampshire,NH,7.25
2023-02-01,2023,2,Q1,New Hampshire,NH,7.25
2023-03-01,2023,3,Q1,New Hampshire,NH,7.25
2023-04-01,2023,4,Q2,New Hampshire,NH,7.25
2023-05-01,2023,5,Q2,New Hampshire,NH,7.25
2023-06-01,2023,6,Q2,New Hampshire,NH,7.25
2023-07-01,2023,7,Q3,New Hampshire,NH,7.25
2023-08-01,2023,8,Q3,New Hampshire,NH,7.25
2023-09-01,2023,9,Q3,New Hampshire,NH,7.25
2023-10-01,2023,10,Q4,New Hampshire,NH,7.25
2023-11-01,2023,11,Q4,New Hampshire,NH,7.25
2023-12-01,2023,12,Q4,New Hampshire,NH,7.25
2024-01-01,2024,1,Q1,New Hampshire,NH,7.25
2024-02-01,2024,2,Q1,New Hampshire,NH,7.25
2024-03-01,2024,3,Q1,New Hampshire,NH,7.25
2024-04-01,2024,4,Q2,New Hampshire,NH,7.25
2024-05-01,2024,5,Q2,New Hampshire,NH,7.25
2024-06-01,2024,6,Q2,New Hampshire,NH,7.25
2024-07-01,2024,7,Q3,New Hampshire,NH,7.25
2024-08-01,2024,8,Q3,New Hampshire,NH,7.25
2024-09-01,2024,9,Q3,New Hampshire,NH,7.25
2024-10-01,2024,10,Q4,New Hampshire,NH,7.25
2024-11-01,2024,11,Q4,New Hampshire,NH,7.25
2024-12-01,2024,12,Q4,New Hampshire,NH,7.25
2025-01-01,2025,1,Q1,New Hampshire,NH,7.25
2025-02-01,2025,2,Q1,New Hampshire,NH,7.25
2025-03-01,2025,3,Q1,New Hampshire,NH,7.25
2025-04-01,2025,4,Q2,New Hampshire,NH,7.25
2025-05-01,2025,5,Q2,New Hampshire,NH,7.25
2025-06-01,2025,6,Q2,New Hampshire,NH,7.25
2025-07-01,2025,7,Q3,New Hampshire,NH,7.25
2023-01-01,2023,1,Q1,New Jersey,NJ,14.13
2023-02-01,2023,2,Q1,New Jersey,NJ,14.13
2023-03-01,2023,3,Q1,New Jersey,NJ,14.13
2023-04-01,2023,4,Q2,New Jersey,NJ,14.13
2023-05-01,2023,5,Q2,New Jersey,NJ,14.13
2023-06-01,2023,6,Q2,New Jersey,NJ,14.13
2023-07-01,2023,7,Q3,New Jersey,NJ,14.13
2023-08-01,2023,8,Q3,New Jersey,NJ,14.13
2023-09-01,2023,9,Q3,New Jersey,NJ,14.13
2023-10-01,2023,10,Q4,New Jersey,NJ,14.13
2023-11-01,2023,11,Q4,New Jersey,NJ,14.13
2023-12-01,2023,12,Q4,New Jersey,NJ,14.13
2024-01-01,2024,1,Q1,New Jersey,NJ,15.13
2024-02-01,2024,2,Q1,New Jersey,NJ,15.13
2024-03-01,2024,3,Q1,New Jersey,NJ,15.13
2024-04-01,2024,4,Q2,New Jersey,NJ,15.13
2024-05-01,2024,5,Q2,New Jersey,NJ,15.13
2024-06-01,2024,6,Q2,New Jersey,NJ,15.13
2024-07-01,2024,7,Q3,New Jersey,NJ,15.13
2024-08-01,2024,8,Q3,New Jersey,NJ,15.13
2024-09-01,2024,9,Q3,New Jersey,NJ,15.13
2024-10-01,2024,10,Q4,New Jersey,NJ,15.13
2024-11-01,2024,11,Q4,New Jersey,NJ,15.13
2024-12-01,2024,12,Q4,New Jersey,NJ,15.13
2025-01-01,2025,1,Q1,New Jersey,NJ,15.13
2025-02-01,2025,2,Q1,New Jersey,NJ,15.13
2025-03-01,2025,3,Q1,New Jersey,NJ,15.13
2025-04-01,2025,4,Q2,New Jersey,NJ,15.13
2025-05-01,2025,5,Q2,New Jersey,NJ,15.13
2025-06-01,2025,6,Q2,New Jersey,NJ,15.13
2025-07-01,2025,7,Q3,New Jersey,NJ,15.13
2023-01-01,2023,1,Q1,New Mexico,NM,12.0
2023-02-01,2023,2,Q1,New Mexico,NM,12.0
2023-03-01,2023,3,Q1,New Mexico,NM,12.0
2023-04-01,2023,4,Q2,New Mexico,NM,12.0
2023-05-01,2023,5,Q2,New Mexico,NM,12.0
2023-06-01,2023,6,Q2,New Mexico,NM,12.0
2023-07-01,2023,7,Q3,New Mexico,NM,12.0
2023-08-01,2023,8,Q3,New Mexico,NM,12.0
2023-09-01,2023,9,Q3,New Mexico,NM,12.0
2023-10-01,2023,10,Q4,New Mexico,NM,12.0
2023-11-01,2023,11,Q4,New Mexico,NM,12.0
2023-12-01,2023,12,Q4,New Mexico,NM,12.0
2024-01-01,2024,1,Q1,New Mexico,NM,12.0
2024-02-01,2024,2,Q1,New Mexico,NM,12.0
2024-03-01,2024,3,Q1,New Mexico,NM,12.0
2024-04-01,2024,4,Q2,New Mexico,NM,12.0
2024-05-01,2024,5,Q2,New Mexico,NM,12.0
2024-06-01,2024,6,Q2,New Mexico,NM,12.0
2024-07-01,2024,7,Q3,New Mexico,NM,12.0
2024-08-01,2024,8,Q3,New Mexico,NM,12.0
2024-09-01,2024,9,Q3,New Mexico,NM,12.0
2024-10-01,2024,10,Q4,New Mexico,NM,12.0
2024-11-01,2024,11,Q4,New Mexico,NM,12.0
2024-12-01,2024,12,Q4,New Mexico,NM,12.0
2025-01-01,2025,1,Q1,New Mexico,NM,12.0
2025-02-01,2025,2,Q1,New Mexico,NM,12.0
2025-03-01,2025,3,Q1,New Mexico,NM,12.0
2025-04-01,2025,4,Q2,New Mexico,NM,12.0
2025-05-01,2025,5,Q2,New Mexico,NM,12.0
2025-06-01,2025,6,Q2,New Mexico,NM,12.0
2025-07-01,2025,7,Q3,New Mexico,NM,12.0
2023-01-01,2023,1,Q1,New York,NY,14.2
2023-02-01,2023,2,Q1,New York,NY,14.2
2023-03-01,2023,3,Q1,New York,NY,14.2
2023-04-01,2023,4,Q2,New York,NY,14.2
2023-05-01,2023,5,Q2,New York,NY,14.2
2023-06-01,2023,6,Q2,New York,NY,14.2
2023-07-01,2023,7,Q3,New York,NY,14.2
2023-08-01,2023,8,Q3,New York,NY,14.2
2023-09-01,2023,9,Q3,New York,NY,14.2
2023-10-01,2023,10,Q4,New York,NY,14.2
2023-11-01,2023,11,Q4,New York,NY,14.2
2023-12-01,2023,12,Q4,New York,NY,14.2
2024-01-01,2024,1,Q1,New York,NY,15.0
2024-02-01,2024,2,Q1,New York,NY,15.0
2024-03-01,2024,3,Q1,New York,NY,15.0
2024-04-01,2024,4,Q2,New York,NY,15.0
2024-05-01,2024,5,Q2,New York,NY,15.0
2024-06-01,2024,6,Q2,New York,NY,15.0
2024-07-01,2024,7,Q3,New York,NY,15.0
2024-08-01,2024,8,Q3,New York,NY,15.0
2024-09-01,2024,9,Q3,New York,NY,15.0
2024-10-01,2024,10,Q4,New York,NY,15.0
2024-11-01,2024,11,Q4,New York,NY,15.0
2024-12-01,2024,12,Q4,New York,NY,15.0
2025-01-01,2025,1,Q1,New York,NY,15.0
2025-02-01,2025,2,Q1,New York,NY,15.0
2025-03-01,2025,3,Q1,New York,NY,15.0
2025-04-01,2025,4,Q2,New York,NY,15.0
2025-05-01,2025,5,Q2,New York,NY,15.0
2025-06-01,2025,6,Q2,New York,NY,15.0
2025-07-01,2025,7,Q3,New York,NY,15.0
2023-01-01,2023,1,Q1,North Carolina,NC,7.25
2023-02-01,2023,2,Q1,North Carolina,NC,7.25
2023-03-01,2023,3,Q1,North Carolina,NC,7.25
2023-04-01,2023,4,Q2,North Carolina,NC,7.25
2023-05-01,2023,5,Q2,North Carolina,NC,7.25
2023-06-01,2023,6,Q2,North Carolina,NC,7.25
2023-07-01,2023,7,Q3,North Carolina,NC,7.25
2023-08-01,2023,8,Q3,North Carolina,NC,7.25
2023-09-01,2023,9,Q3,North Carolina,NC,7.25
2023-10-01,2023,10,Q4,North Carolina,NC,7.25
2023-11-01,2023,11,Q4,North Carolina,NC,7.25
2023-12-01,2023,12,Q4,North Carolina,NC,7.25
2024-01-01,2024,1,Q1,North Carolina,NC,7.25
2024-02-01,2024,2,Q1,North Carolina,NC,7.25
2024-03-01,2024,3,Q1,North Carolina,NC,7.25
2024-04-01,2024,4,Q2,North Carolina,NC,7.25
2024-05-01,2024,5,Q2,North Carolina,NC,7.25
2024-06-01,2024,6,Q2,North Carolina,NC,7.25
2024-07-01,2024,7,Q3,North Carolina,NC,7.25
2024-08-01,2024,8,Q3,North Carolina,NC,7.25
2024-09-01,2024,9,Q3,North Carolina,NC,7.25
2024-10-01,2024,10,Q4,North Carolina,NC,7.25
2024-11-01,2024,11,Q4,North Carolina,NC,7.25
2024-12-01,2024,12,Q4,North Carolina,NC,7.25
2025-01-01,2025,1,Q1,North Carolina,NC,7.25
2025-02-01,2025,2,Q1,North Carolina,NC,7.25
2025-03-01,2025,3,Q1,North Carolina,NC,7.25
2025-04-01,2025,4,Q2,North Carolina,NC,7.25
2025-05-01,2025,5,Q2,North Carolina,NC,7.25
2025-06-01,2025,6,Q2,North Carolina,NC,7.25
2025-07-01,2025,7,Q3,North Carolina,NC,7.25
2023-01-01,2023,1,Q1,North Dakota,ND,7.25
2023-02-01,2023,2,Q1,North Dakota,ND,7.25
2023-03-01,2023,3,Q1,North Dakota,ND,7.25
2023-04-01,2023,4,Q2,North Dakota,ND,7.25
2023-05-01,2023,5,Q2,North Dakota,ND,7.25
2023-06-01,2023,6,Q2,North Dakota,ND,7.25
2023-07-01,2023,7,Q3,North Dakota,ND,7.25
2023-08-01,2023,8,Q3,North Dakota,ND,7.25
2023-09-01,2023,9,Q3,North Dakota,ND,7.25
2023-10-01,2023,10,Q4,North Dakota,ND,7.25
2023-11-01,2023,11,Q4,North Dakota,ND,7.25
2023-12-01,2023,12,Q4,North Dakota,ND,7.25
2024-01-01,2024,1,Q1,North Dakota,ND,7.25
2024-02-01,2024,2,Q1,North Dakota,ND,7.25
2024-03-01,2024,3,Q1,North Dakota,ND,7.25
2024-04-01,2024,4,Q2,North Dakota,ND,7.25
2024-05-01,2024,5,Q2,North Dakota,ND,7.25
2024-06-01,2024,6,Q2,North Dakota,ND,7.25
2024-07-01,2024,7,Q3,North Dakota,ND,7.25
2024-08-01,2024,8,Q3,North Dakota,ND,7.25
2024-09-01,2024,9,Q3,North Dakota,ND,7.25
2024-10-01,2024,10,Q4,North Dakota,ND,7.25
2024-11-01,2024,11,Q4,North Dakota,ND,7.25
2024-12-01,2024,12,Q4,North Dakota,ND,7.25
2025-01-01,2025,1,Q1,North Dakota,ND,7.25
2025-02-01,2025,2,Q1,North Dakota,ND,7.25
2025-03-01,2025,3,Q1,North Dakota,ND,7.25
2025-04-01,2025,4,Q2,North Dakota,ND,7.25
2025-05-01,2025,5,Q2,North Dakota,ND,7.25
2025-06-01,2025,6,Q2,North Dakota,ND,7.25
2025-07-01,2025,7,Q3,North Dakota,ND,7.25
2023-01-01,2023,1,Q1,Ohio,OH,10.1
2023-02-01,2023,2,Q1,Ohio,OH,10.1
2023-03-01,2023,3,Q1,Ohio,OH,10.1
2023-04-01,2023,4,Q2,Ohio,OH,10.1
2023-05-01,2023,5,Q2,Ohio,OH,10.1
2023-06-01,2023,6,Q2,Ohio,OH,10.1
2023-07-01,2023,7,Q3,Ohio,OH,10.1
2023-08-01,2023,8,Q3,Ohio,OH,10.1
2023-09-01,2023,9,Q3,Ohio,OH,10.1
2023-10-01,2023,10,Q4,Ohio,OH,10.1
2023-11-01,2023,11,Q4,Ohio,OH,10.1
2023-12-01,2023,12,Q4,Ohio,OH,10.1
2024-01-01,2024,1,Q1,Ohio,OH,10.45
2024-02-01,2024,2,Q1,Ohio,OH,10.45
2024-03-01,2024,3,Q1,Ohio,OH,10.45
2024-04-01,2024,4,Q2,Ohio,OH,10.45
2024-05-01,2024,5,Q2,Ohio,OH,10.45
2024-06-01,2024,6,Q2,Ohio,OH,10.45
2024-07-01,2024,7,Q3,Ohio,OH,10.45
2024-08-01,2024,8,Q3,Ohio,OH,10.45
2024-09-01,2024,9,Q3,Ohio,OH,10.45
2024-10-01,2024,10,Q4,Ohio,OH,10.45
2024-11-01,2024,11,Q4,Ohio,OH,10.45
2024-12-01,2024,12,Q4,Ohio,OH,10.45
2025-01-01,2025,1,Q1,Ohio,OH,10.45
2025-02-01,2025,2,Q1,Ohio,OH,10.45
2025-03-01,2025,3,Q1,Ohio,OH,10.45
2025-04-01,2025,4,Q2,Ohio,OH,10.45
2025-05-01,2025,5,Q2,Ohio,OH,10.45
2025-06-01,2025,6,Q2,Ohio,OH,10.45
2025-07-01,2025,7,Q3,Ohio,OH,10.45
2023-01-01,2023,1,Q1,Oklahoma,OK,2.0
2023-02-01,2023,2,Q1,Oklahoma,OK,2.0
2023-03-01,2023,3,Q1,Oklahoma,OK,2.0
2023-04-01,2023,4,Q2,Oklahoma,OK,2.0
2023-05-01,2023,5,Q2,Oklahoma,OK,2.0
2023-06-01,2023,6,Q2,Oklahoma,OK,2.0
2023-07-01,2023,7,Q3,Oklahoma,OK,2.0
2023-08-01,2023,8,Q3,Oklahoma,OK,2.0
2023-09-01,2023,9,Q3,Oklahoma,OK,2.0
2023-10-01,2023,10,Q4,Oklahoma,OK,2.0
2023-11-01,2023,11,Q4,Oklahoma,OK,2.0
2023-12-01,2023,12,Q4,Oklahoma,OK,2.0
2024-01-01,2024,1,Q1,Oklahoma,OK,2.0
2024-02-01,2024,2,Q1,Oklahoma,OK,2.0
2024-03-01,2024,3,Q1,Oklahoma,OK,2.0
2024-04-01,2024,4,Q2,Oklahoma,OK,2.0
2024-05-01,2024,5,Q2,Oklahoma,OK,2.0
2024-06-01,2024,6,Q2,Oklahoma,OK,2.0
2024-07-01,2024,7,Q3,Oklahoma,OK,2.0
2024-08-01,2024,8,Q3,Oklahoma,OK,2.0
2024-09-01,2024,9,Q3,Oklahoma,OK,2.0
2024-10-01,2024,10,Q4,Oklahoma,OK,2.0
2024-11-01,2024,11,Q4,Oklahoma,OK,2.0
2024-12-01,2024,12,Q4,Oklahoma,OK,2.0
2025-01-01,2025,1,Q1,Oklahoma,OK,2.0
2025-02-01,2025,2,Q1,Oklahoma,OK,2.0
2025-03-01,2025,3,Q1,Oklahoma,OK,2.0
2025-04-01,2025,4,Q2,Oklahoma,OK,2.0
2025-05-01,2025,5,Q2,Oklahoma,OK,2.0
2025-06-01,2025,6,Q2,Oklahoma,OK,2.0
2025-07-01,2025,7,Q3,Oklahoma,OK,2.0
2023-01-01,2023,1,Q1,Oregon,OR,14.2
2023-02-01,2023,2,Q1,Oregon,OR,14.2
2023-03-01,2023,3,Q1,Oregon,OR,14.2
2023-04-01,2023,4,Q2,Oregon,OR,14.2
2023-05-01,2023,5,Q2,Oregon,OR,14.2
2023-06-01,2023,6,Q2,Oregon,OR,14.2
2023-07-01,2023,7,Q3,Oregon,OR,14.2
2023-08-01,2023,8,Q3,Oregon,OR,14.2
2023-09-01,2023,9,Q3,Oregon,OR,14.2
2023-10-01,2023,10,Q4,Oregon,OR,14.2
2023-11-01,2023,11,Q4,Oregon,OR,14.2
2023-12-01,2023,12,Q4,Oregon,OR,14.2
2024-01-01,2024,1,Q1,Oregon,OR,14.7
2024-02-01,2024,2,Q1,Oregon,OR,14.7
2024-03-01,2024,3,Q1,Oregon,OR,14.7
2024-04-01,2024,4,Q2,Oregon,OR,14.7
2024-05-01,2024,5,Q2,Oregon,OR,14.7
2024-06-01,2024,6,Q2,Oregon,OR,14.7
2024-07-01,2024,7,Q3,Oregon,OR,14.7
2024-08-01,2024,8,Q3,Oregon,OR,14.7
2024-09-01,2024,9,Q3,Oregon,OR,14.7
2024-10-01,2024,10,Q4,Oregon,OR,14.7
2024-11-01,2024,11,Q4,Oregon,OR,14.7
2024-12-01,2024,12,Q4,Oregon,OR,14.7
2025-01-01,2025,1,Q1,Oregon,OR,14.7
2025-02-01,2025,2,Q1,Oregon,OR,14.7
2025-03-01,2025,3,Q1,Oregon,OR,14.7
2025-04-01,2025,4,Q2,Oregon,OR,14.7
2025-05-01,2025,5,Q2,Oregon,OR,14.7
2025-06-01,2025,6,Q2,Oregon,OR,14.7
2025-07-01,2025,7,Q3,Oregon,OR,14.7
2023-01-01,2023,1,Q1,Pennsylvania,PA,7.25
2023-02-01,2023,2,Q1,Pennsylvania,PA,7.25
2023-03-01,2023,3,Q1,Pennsylvania,PA,7.25
2023-04-01,2023,4,Q2,Pennsylvania,PA,7.25
2023-05-01,2023,5,Q2,Pennsylvania,PA,7.25
2023-06-01,2023,6,Q2,Pennsylvania,PA,7.25
2023-07-01,2023,7,Q3,Pennsylvania,PA,7.25
2023-08-01,2023,8,Q3,Pennsylvania,PA,7.25
2023-09-01,2023,9,Q3,Pennsylvania,PA,7.25
2023-10-01,2023,10,Q4,Pennsylvania,PA,7.25
2023-11-01,2023,11,Q4,Pennsylvania,PA,7.25
2023-12-01,2023,12,Q4,Pennsylvania,PA,7.25
2024-01-01,2024,1,Q1,Pennsylvania,PA,7.25
2024-02-01,2024,2,Q1,Pennsylvania,PA,7.25
2024-03-01,2024,3,Q1,Pennsylvania,PA,7.25
2024-04-01,2024,4,Q2,Pennsylvania,PA,7.25
2024-05-01,2024,5,Q2,Pennsylvania,PA,7.25
2024-06-01,2024,6,Q2,Pennsylvania,PA,7.25
2024-07-01,2024,7,Q3,Pennsylvania,PA,7.25
2024-08-01,2024,8,Q3,Pennsylvania,PA,7.25
2024-09-01,2024,9,Q3,Pennsylvania,PA,7.25
2024-10-01,2024,10,Q4,Pennsylvania,PA,7.25
2024-11-01,2024,11,Q4,Pennsylvania,PA,7.25
2024-12-01,2024,12,Q4,Pennsylvania,PA,7.25
2025-01-01,2025,1,Q1,Pennsylvania,PA,7.25
2025-02-01,2025,2,Q1,Pennsylvania,PA,7.25
2025-03-01,2025,3,Q1,Pennsylvania,PA,7.25
2025-04-01,2025,4,Q2,Pennsylvania,PA,7.25
2025-05-01,2025,5,Q2,Pennsylvania,PA,7.25
2025-06-01,2025,6,Q2,Pennsylvania,PA,7.25
2025-07-01,2025,7,Q3,Pennsylvania,PA,7.25
2023-01-01,2023,1,Q1,Rhode Island,RI,13.0
2023-02-01,2023,2,Q1,Rhode Island,RI,13.0
2023-03-01,2023,3,Q1,Rhode Island,RI,13.0
2023-04-01,2023,4,Q2,Rhode Island,RI,13.0
2023-05-01,2023,5,Q2,Rhode Island,RI,13.0
2023-06-01,2023,6,Q2,Rhode Island,RI,13.0
2023-07-01,2023,7,Q3,Rhode Island,RI,13.0
2023-08-01,2023,8,Q3,Rhode Island,RI,13.0
2023-09-01,2023,9,Q3,Rhode Island,RI,13.0
2023-10-01,2023,10,Q4,Rhode Island,RI,13.0
2023-11-01,2023,11,Q4,Rhode Island,RI,13.0
2023-12-01,2023,12,Q4,Rhode Island,RI,13.0
2024-01-01,2024,1,Q1,Rhode Island,RI,14.0
2024-02-01,2024,2,Q1,Rhode Island,RI,14.0
2024-03-01,2024,3,Q1,Rhode Island,RI,14.0
2024-04-01,2024,4,Q2,Rhode Island,RI,14.0
2024-05-01,2024,5,Q2,Rhode Island,RI,14.0
2024-06-01,2024,6,Q2,Rhode Island,RI,14.0
2024-07-01,2024,7,Q3,Rhode Island,RI,14.0
2024-08-01,2024,8,Q3,Rhode Island,RI,14.0
2024-09-01,2024,9,Q3,Rhode Island,RI,14.0
2024-10-01,2024,10,Q4,Rhode Island,RI,14.0
2024-11-01,2024,11,Q4,Rhode Island,RI,14.0
2024-12-01,2024,12,Q4,Rhode Island,RI,14.0
2025-01-01,2025,1,Q1,Rhode Island,RI,14.0
2025-02-01,2025,2,Q1,Rhode Island,RI,14.0
2025-03-01,2025,3,Q1,Rhode Island,RI,14.0
2025-04-01,2025,4,Q2,Rhode Island,RI,14.0
2025-05-01,2025,5,Q2,Rhode Island,RI,14.0
2025-06-01,2025,6,Q2,Rhode Island,RI,14.0
2025-07-01,2025,7,Q3,Rhode Island,RI,14.0
2023-01-01,2023,1,Q1,South Dakota,SD,10.8
2023-02-01,2023,2,Q1,South Dakota,SD,10.8
2023-03-01,2023,3,Q1,South Dakota,SD,10.8
2023-04-01,2023,4,Q2,South Dakota,SD,10.8
2023-05-01,2023,5,Q2,South Dakota,SD,10.8
2023-06-01,2023,6,Q2,South Dakota,SD,10.8
2023-07-01,2023,7,Q3,South Dakota,SD,10.8
2023-08-01,2023,8,Q3,South Dakota,SD,10.8
2023-09-01,2023,9,Q3,South Dakota,SD,10.8
2023-10-01,2023,10,Q4,South Dakota,SD,10.8
2023-11-01,2023,11,Q4,South Dakota,SD,10.8
2023-12-01,2023,12,Q4,South Dakota,SD,10.8
2024-01-01,2024,1,Q1,South Dakota,SD,11.2
2024-02-01,2024,2,Q1,South Dakota,SD,11.2
2024-03-01,2024,3,Q1,South Dakota,SD,11.2
2024-04-01,2024,4,Q2,South Dakota,SD,11.2
2024-05-01,2024,5,Q2,South Dakota,SD,11.2
2024-06-01,2024,6,Q2,South Dakota,SD,11.2
2024-07-01,2024,7,Q3,South Dakota,SD,11.2
2024-08-01,2024,8,Q3,South Dakota,SD,11.2
2024-09-01,2024,9,Q3,South Dakota,SD,11.2
2024-10-01,2024,10,Q4,South Dakota,SD,11.2
2024-11-01,2024,11,Q4,South Dakota,SD,11.2
2024-12-01,2024,12,Q4,South Dakota,SD,11.2
2025-01-01,2025,1,Q1,South Dakota,SD,11.2
2025-02-01,2025,2,Q1,South Dakota,SD,11.2
2025-03-01,2025,3,Q1,South Dakota,SD,11.2
2025-04-01,2025,4,Q2,South Dakota,SD,11.2
2025-05-01,2025,5,Q2,South Dakota,SD,11.2
2025-06-01,2025,6,Q2,South Dakota,SD,11.2
2025-07-01,2025,7,Q3,South Dakota,SD,11.2
2023-01-01,2023,1,Q1,Texas,TX,7.25
2023-02-01,2023,2,Q1,Texas,TX,7.25
2023-03-01,2023,3,Q1,Texas,TX,7.25
2023-04-01,2023,4,Q2,Texas,TX,7.25
2023-05-01,2023,5,Q2,Texas,TX,7.25
2023-06-01,2023,6,Q2,Texas,TX,7.25
2023-07-01,2023,7,Q3,Texas,TX,7.25
2023-08-01,2023,8,Q3,Texas,TX,7.25
2023-09-01,2023,9,Q3,Texas,TX,7.25
2023-10-01,2023,10,Q4,Texas,TX,7.25
2023-11-01,2023,11,Q4,Texas,TX,7.25
2023-12-01,2023,12,Q4,Texas,TX,7.25
2024-01-01,2024,1,Q1,Texas,TX,7.25
2024-02-01,2024,2,Q1,Texas,TX,7.25
2024-03-01,2024,3,Q1,Texas,TX,7.25
2024-04-01,2024,4,Q2,Texas,TX,7.25
2024-05-01,2024,5,Q2,Texas,TX,7.25
2024-06-01,2024,6,Q2,Texas,TX,7.25
2024-07-01,2024,7,Q3,Texas,TX,7.25
2024-08-01,2024,8,Q3,Texas,TX,7.25
2024-09-01,2024,9,Q3,Texas,TX,7.25
2024-10-01,2024,10,Q4,Texas,TX,7.25
2024-11-01,2024,11,Q4,Texas,TX,7.25
2024-12-01,2024,12,Q4,Texas,TX,7.25
2025-01-01,2025,1,Q1,Texas,TX,7.25
2025-02-01,2025,2,Q1,Texas,TX,7.25
2025-03-01,2025,3,Q1,Texas,TX,7.25
2025-04-01,2025,4,Q2,Texas,TX,7.25
2025-05-01,2025,5,Q2,Texas,TX,7.25
2025-06-01,2025,6,Q2,Texas,TX,7.25
2025-07-01,2025,7,Q3,Texas,TX,7.25
2023-01-01,2023,1,Q1,Utah,UT,7.25
2023-02-01,2023,2,Q1,Utah,UT,7.25
2023-03-01,2023,3,Q1,Utah,UT,7.25
2023-04-01,2023,4,Q2,Utah,UT,7.25
2023-05-01,2023,5,Q2,Utah,UT,7.25
2023-06-01,2023,6,Q2,Utah,UT,7.25
2023-07-01,2023,7,Q3,Utah,UT,7.25
2023-08-01,2023,8,Q3,Utah,UT,7.25
2023-09-01,2023,9,Q3,Utah,UT,7.25
2023-10-01,2023,10,Q4,Utah,UT,7.25
2023-11-01,2023,11,Q4,Utah,UT,7.25
2023-12-01,2023,12,Q4,Utah,UT,7.25
2024-01-01,2024,1,Q1,Utah,UT,7.25
2024-02-01,2024,2,Q1,Utah,UT,7.25
2024-03-01,2024,3,Q1,Utah,UT,7.25
2024-04-01,2024,4,Q2,Utah,UT,7.25
2024-05-01,2024,5,Q2,Utah,UT,7.25
2024-06-01,2024,6,Q2,Utah,UT,7.25
2024-07-01,2024,7,Q3,Utah,UT,7.25
2024-08-01,2024,8,Q3,Utah,UT,7.25
2024-09-01,2024,9,Q3,Utah,UT,7.25
2024-10-01,2024,10,Q4,Utah,UT,7.25
2024-11-01,2024,11,Q4,Utah,UT,7.25
2024-12-01,2024,12,Q4,Utah,UT,7.25
2025-01-01,2025,1,Q1,Utah,UT,7.25
2025-02-01,2025,2,Q1,Utah,UT,7.25
2025-03-01,2025,3,Q1,Utah,UT,7.25
2025-04-01,2025,4,Q2,Utah,UT,7.25
2025-05-01,2025,5,Q2,Utah,UT,7.25
2025-06-01,2025,6,Q2,Utah,UT,7.25
2025-07-01,2025,7,Q3,Utah,UT,7.25
2023-01-01,2023,1,Q1,Vermont,VT,13.18
2023-02-01,2023,2,Q1,Vermont,VT,13.18
2023-03-01,2023,3,Q1,Vermont,VT,13.18
2023-04-01,2023,4,Q2,Vermont,VT,13.18
2023-05-01,2023,5,Q2,Vermont,VT,13.18
2023-06-01,2023,6,Q2,Vermont,VT,13.18
2023-07-01,2023,7,Q3,Vermont,VT,13.18
2023-08-01,2023,8,Q3,Vermont,VT,13.18
2023-09-01,2023,9,Q3,Vermont,VT,13.18
2023-10-01,2023,10,Q4,Vermont,VT,13.18
2023-11-01,2023,11,Q4,Vermont,VT,13.18
2023-12-01,2023,12,Q4,Vermont,VT,13.18
2024-01-01,2024,1,Q1,Vermont,VT,13.67
2024-02-01,2024,2,Q1,Vermont,VT,13.67
2024-03-01,2024,3,Q1,Vermont,VT,13.67
2024-04-01,2024,4,Q2,Vermont,VT,13.67
2024-05-01,2024,5,Q2,Vermont,VT,13.67
2024-06-01,2024,6,Q2,Vermont,VT,13.67
2024-07-01,2024,7,Q3,Vermont,VT,13.67
2024-08-01,2024,8,Q3,Vermont,VT,13.67
2024-09-01,2024,9,Q3,Vermont,VT,13.67
2024-10-01,2024,10,Q4,Vermont,VT,13.67
2024-11-01,2024,11,Q4,Vermont,VT,13.67
2024-12-01,2024,12,Q4,Vermont,VT,13.67
2025-01-01,2025,1,Q1,Vermont,VT,13.67
2025-02-01,2025,2,Q1,Vermont,VT,13.67
2025-03-01,2025,3,Q1,Vermont,VT,13.67
2025-04-01,2025,4,Q2,Vermont,VT,13.67
2025-05-01,2025,5,Q2,Vermont,VT,13.67
2025-06-01,2025,6,Q2,Vermont,VT,13.67
2025-07-01,2025,7,Q3,Vermont,VT,13.67
2023-01-01,2023,1,Q1,Virginia,VA,12.0
2023-02-01,2023,2,Q1,Virginia,VA,12.0
2023-03-01,2023,3,Q1,Virginia,VA,12.0
2023-04-01,2023,4,Q2,Virginia,VA,12.0
2023-05-01,2023,5,Q2,Virginia,VA,12.0
2023-06-01,2023,6,Q2,Virginia,VA,12.0
2023-07-01,2023,7,Q3,Virginia,VA,12.0
2023-08-01,2023,8,Q3,Virginia,VA,12.0
2023-09-01,2023,9,Q3,Virginia,VA,12.0
2023-10-01,2023,10,Q4,Virginia,VA,12.0
2023-11-01,2023,11,Q4,Virginia,VA,12.0
2023-12-01,2023,12,Q4,Virginia,VA,12.0
2024-01-01,2024,1,Q1,Virginia,VA,12.0
2024-02-01,2024,2,Q1,Virginia,VA,12.0
2024-03-01,2024,3,Q1,Virginia,VA,12.0
2024-04-01,2024,4,Q2,Virginia,VA,12.0
2024-05-01,2024,5,Q2,Virginia,VA,12.0
2024-06-01,2024,6,Q2,Virginia,VA,12.0
2024-07-01,2024,7,Q3,Virginia,VA,12.0
2024-08-01,2024,8,Q3,Virginia,VA,12.0
2024-09-01,2024,9,Q3,Virginia,VA,12.0
2024-10-01,2024,10,Q4,Virginia,VA,12.0
2024-11-01,2024,11,Q4,Virginia,VA,12.0
2024-12-01,2024,12,Q4,Virginia,VA,12.0
2025-01-01,2025,1,Q1,Virginia,VA,12.0
2025-02-01,2025,2,Q1,Virginia,VA,12.0
2025-03-01,2025,3,Q1,Virginia,VA,12.0
2025-04-01,2025,4,Q2,Virginia,VA,12.0
2025-05-01,2025,5,Q2,Virginia,VA,12.0
2025-06-01,2025,6,Q2,Virginia,VA,12.0
2025-07-01,2025,7,Q3,Virginia,VA,12.0
2023-01-01,2023,1,Q1,Washington,WA,15.74
2023-02-01,2023,2,Q1,Washington,WA,15.74
2023-03-01,2023,3,Q1,Washington,WA,15.74
2023-04-01,2023,4,Q2,Washington,WA,15.74
2023-05-01,2023,5,Q2,Washington,WA,15.74
2023-06-01,2023,6,Q2,Washington,WA,15.74
2023-07-01,2023,7,Q3,Washington,WA,15.74
2023-08-01,2023,8,Q3,Washington,WA,15.74
2023-09-01,2023,9,Q3,Washington,WA,15.74
2023-10-01,2023,10,Q4,Washington,WA,15.74
2023-11-01,2023,11,Q4,Washington,WA,15.74
2023-12-01,2023,12,Q4,Washington,WA,15.74
2024-01-01,2024,1,Q1,Washington,WA,16.28
2024-02-01,2024,2,Q1,Washington,WA,16.28
2024-03-01,2024,3,Q1,Washington,WA,16.28
2024-04-01,2024,4,Q2,Washington,WA,16.28
2024-05-01,2024,5,Q2,Washington,WA,16.28
2024-06-01,2024,6,Q2,Washington,WA,16.28
2024-07-01,2024,7,Q3,Washington,WA,16.28
2024-08-01,2024,8,Q3,Washington,WA,16.28
2024-09-01,2024,9,Q3,Washington,WA,16.28
2024-10-01,2024,10,Q4,Washington,WA,16.28
2024-11-01,2024,11,Q4,Washington,WA,16.28
2024-12-01,2024,12,Q4,Washington,WA,16.28
2025-01-01,2025,1,Q1,Washington,WA,16.28
2025-02-01,2025,2,Q1,Washington,WA,16.28
2025-03-01,2025,3,Q1,Washington,WA,16.28
2025-04-01,2025,4,Q2,Washington,WA,16.28
2025-05-01,2025,5,Q2,Washington,WA,16.28
2025-06-01,2025,6,Q2,Washington,WA,16.28
2025-07-01,2025,7,Q3,Washington,WA,16.28
2023-01-01,2023,1,Q1,West Virginia,WV,8.75
2023-02-01,2023,2,Q1,West Virginia,WV,8.75
2023-03-01,2023,3,Q1,West Virginia,WV,8.75
2023-04-01,2023,4,Q2,West Virginia,WV,8.75
2023-05-01,2023,5,Q2,West Virginia,WV,8.75
2023-06-01,2023,6,Q2,West Virginia,WV,8.75
2023-07-01,2023,7,Q3,West Virginia,WV,8.75
2023-08-01,2023,8,Q3,West Virginia,WV,8.75
2023-09-01,2023,9,Q3,West Virginia,WV,8.75
2023-10-01,2023,10,Q4,West Virginia,WV,8.75
2023-11-01,2023,11,Q4,West Virginia,WV,8.75
2023-12-01,2023,12,Q4,West Virginia,WV,8.75
2024-01-01,2024,1,Q1,West Virginia,WV,8.75
2024-02-01,2024,2,Q1,West Virginia,WV,8.75
2024-03-01,2024,3,Q1,West Virginia,WV,8.75
2024-04-01,2024,4,Q2,West Virginia,WV,8.75
2024-05-01,2024,5,Q2,West Virginia,WV,8.75
2024-06-01,2024,6,Q2,West Virginia,WV,8.75
2024-07-01,2024,7,Q3,West Virginia,WV,8.75
2024-08-01,2024,8,Q3,West Virginia,WV,8.75
2024-09-01,2024,9,Q3,West Virginia,WV,8.75
2024-10-01,2024,10,Q4,West Virginia,WV,8.75
2024-11-01,2024,11,Q4,West Virginia,WV,8.75
2024-12-01,2024,12,Q4,West Virginia,WV,8.75
2025-01-01,2025,1,Q1,West Virginia,WV,8.75
2025-02-01,2025,2,Q1,West Virginia,WV,8.75
2025-03-01,2025,3,Q1,West Virginia,WV,8.75
2025-04-01,2025,4,Q2,West Virginia,WV,8.75
2025-05-01,2025,5,Q2,West Virginia,WV,8.75
2025-06-01,2025,6,Q2,West Virginia,WV,8.75
2025-07-01,2025,7,Q3,West Virginia,WV,8.75
2023-01-01,2023,1,Q1,Wisconsin,WI,7.25
2023-02-01,2023,2,Q1,Wisconsin,WI,7.25
2023-03-01,2023,3,Q1,Wisconsin,WI,7.25
2023-04-01,2023,4,Q2,Wisconsin,WI,7.25
2023-05-01,2023,5,Q2,Wisconsin,WI,7.25
2023-06-01,2023,6,Q2,Wisconsin,WI,7.25
2023-07-01,2023,7,Q3,Wisconsin,WI,7.25
2023-08-01,2023,8,Q3,Wisconsin,WI,7.25
2023-09-01,2023,9,Q3,Wisconsin,WI,7.25
2023-10-01,2023,10,Q4,Wisconsin,WI,7.25
2023-11-01,2023,11,Q4,Wisconsin,WI,7.25
2023-12-01,2023,12,Q4,Wisconsin,WI,7.25
2024-01-01,2024,1,Q1,Wisconsin,WI,7.25
2024-02-01,2024,2,Q1,Wisconsin,WI,7.25
2024-03-01,2024,3,Q1,Wisconsin,WI,7.25
2024-04-01,2024,4,Q2,Wisconsin,WI,7.25
2024-05-01,2024,5,Q2,Wisconsin,WI,7.25
2024-06-01,2024,6,Q2,Wisconsin,WI,7.25
2024-07-01,2024,7,Q3,Wisconsin,WI,7.25
2024-08-01,2024,8,Q3,Wisconsin,WI,7.25
2024-09-01,2024,9,Q3,Wisconsin,WI,7.25
2024-10-01,2024,10,Q4,Wisconsin,WI,7.25
2024-11-01,2024,11,Q4,Wisconsin,WI,7.25
2024-12-01,2024,12,Q4,Wisconsin,WI,7.25
2025-01-01,2025,1,Q1,Wisconsin,WI,7.25
2025-02-01,2025,2,Q1,Wisconsin,WI,7.25
2025-03-01,2025,3,Q1,Wisconsin,WI,7.25
2025-04-01,2025,4,Q2,Wisconsin,WI,7.25
2025-05-01,2025,5,Q2,Wisconsin,WI,7.25
2025-06-01,2025,6,Q2,Wisconsin,WI,7.25
2025-07-01,2025,7,Q3,Wisconsin,WI,7.25
2023-01-01,2023,1,Q1,Wyoming,WY,5.15
2023-02-01,2023,2,Q1,Wyoming,WY,5.15
2023-03-01,2023,3,Q1,Wyoming,WY,5.15
2023-04-01,2023,4,Q2,Wyoming,WY,5.15
2023-05-01,2023,5,Q2,Wyoming,WY,5.15
2023-06-01,2023,6,Q2,Wyoming,WY,5.15
2023-07-01,2023,7,Q3,Wyoming,WY,5.15
2023-08-01,2023,8,Q3,Wyoming,WY,5.15
2023-09-01,2023,9,Q3,Wyoming,WY,5.15
2023-10-01,2023,10,Q4,Wyoming,WY,5.15
2023-11-01,2023,11,Q4,Wyoming,WY,5.15
2023-12-01,2023,12,Q4,Wyoming,WY,5.15
2024-01-01,2024,1,Q1,Wyoming,WY,5.15
2024-02-01,2024,2,Q1,Wyoming,WY,5.15
2024-03-01,2024,3,Q1,Wyoming,WY,5.15
2024-04-01,2024,4,Q2,Wyoming,WY,5.15
2024-05-01,2024,5,Q2,Wyoming,WY,5.15
2024-06-01,2024,6,Q2,Wyoming,WY,5.15
2024-07-01,2024,7,Q3,Wyoming,WY,5.15
2024-08-01,2024,8,Q3,Wyoming,WY,5.15
2024-09-01,2024,9,Q3,Wyoming,WY,5.15
2024-10-01,2024,10,Q4,Wyoming,WY,5.15
2024-11-01,2024,11,Q4,Wyoming,WY,5.15
2024-12-01,2024,12,Q4,Wyoming,WY,5.15
2025-01-01,2025,1,Q1,Wyoming,WY,5.15
2025-02-01,2025,2,Q1,Wyoming,WY,5.15
2025-03-01,2025,3,Q1,Wyoming,WY,5.15
2025-04-01,2025,4,Q2,Wyoming,WY,5.15
2025-05-01,2025,5,Q2,Wyoming,WY,5.15
2025-06-01,2025,6,Q2,Wyoming,WY,5.15
2025-07-01,2025,7,Q3,Wyoming,WY,5.15
2023-01-01,2023,1,Q1,District of Columbia,DC,17.0
2023-02-01,2023,2,Q1,District of Columbia,DC,17.0
2023-03-01,2023,3,Q1,District of Columbia,DC,17.0
2023-04-01,2023,4,Q2,District of Columbia,DC,17.0
2023-05-01,2023,5,Q2,District of Columbia,DC,17.0
2023-06-01,2023,6,Q2,District of Columbia,DC,17.0
2023-07-01,2023,7,Q3,District of Columbia,DC,17.0
2023-08-01,2023,8,Q3,District of Columbia,DC,17.0
2023-09-01,2023,9,Q3,District of Columbia,DC,17.0
2023-10-01,2023,10,Q4,District of Columbia,DC,17.0
2023-11-01,2023,11,Q4,District of Columbia,DC,17.0
2023-12-01,2023,12,Q4,District of Columbia,DC,17.0
2024-01-01,2024,1,Q1,District of Columbia,DC,17.5
2024-02-01,2024,2,Q1,District of Columbia,DC,17.5
2024-03-01,2024,3,Q1,District of Columbia,DC,17.5
2024-04-01,2024,4,Q2,District of Columbia,DC,17.5
2024-05-01,2024,5,Q2,District of Columbia,DC,17.5
2024-06-01,2024,6,Q2,District of Columbia,DC,17.5
2024-07-01,2024,7,Q3,District of Columbia,DC,17.5
2024-08-01,2024,8,Q3,District of Columbia,DC,17.5
2024-09-01,2024,9,Q3,District of Columbia,DC,17.5
2024-10-01,2024,10,Q4,District of Columbia,DC,17.5
2024-11-01,2024,11,Q4,District of Columbia,DC,17.5
2024-12-01,2024,12,Q4,District of Columbia,DC,17.5
2025-01-01,2025,1,Q1,District of Columbia,DC,17.5
2025-02-01,2025,2,Q1,District of Columbia,DC,17.5
2025-03-01,2025,3,Q1,District of Columbia,DC,17.5
2025-04-01,2025,4,Q2,District of Columbia,DC,17.5
2025-05-01,2025,5,Q2,District of Columbia,DC,17.5
2025-06-01,2025,6,Q2,District of Columbia,DC,17.5
2025-07-01,2025,7,Q3,District of Columbia,DC,17.5
2023-01-01,2023,1,Q1,Guam,,9.25
2023-02-01,2023,2,Q1,Guam,,9.25
2023-03-01,2023,3,Q1,Guam,,9.25
2023-04-01,2023,4,Q2,Guam,,9.25
2023-05-01,2023,5,Q2,Guam,,9.25
2023-06-01,2023,6,Q2,Guam,,9.25
2023-07-01,2023,7,Q3,Guam,,9.25
2023-08-01,2023,8,Q3,Guam,,9.25
2023-09-01,2023,9,Q3,Guam,,9.25
2023-10-01,2023,10,Q4,Guam,,9.25
2023-11-01,2023,11,Q4,Guam,,9.25
2023-12-01,2023,12,Q4,Guam,,9.25
2024-01-01,2024,1,Q1,Guam,,9.25
2024-02-01,2024,2,Q1,Guam,,9.25
2024-03-01,2024,3,Q1,Guam,,9.25
2024-04-01,2024,4,Q2,Guam,,9.25
2024-05-01,2024,5,Q2,Guam,,9.25
2024-06-01,2024,6,Q2,Guam,,9.25
2024-07-01,2024,7,Q3,Guam,,9.25
2024-08-01,2024,8,Q3,Guam,,9.25
2024-09-01,2024,9,Q3,Guam,,9.25
2024-10-01,2024,10,Q4,Guam,,9.25
2024-11-01,2024,11,Q4,Guam,,9.25
2024-12-01,2024,12,Q4,Guam,,9.25
2025-01-01,2025,1,Q1,Guam,,9.25
2025-02-01,2025,2,Q1,Guam,,9.25
2025-03-01,2025,3,Q1,Guam,,9.25
2025-04-01,2025,4,Q2,Guam,,9.25
2025-05-01,2025,5,Q2,Guam,,9.25
2025-06-01,2025,6,Q2,Guam,,9.25
2025-07-01,2025,7,Q3,Guam,,9.25
2023-01-01,2023,1,Q1,Puerto Rico,,9.5
2023-02-01,2023,2,Q1,Puerto Rico,,9.5
2023-03-01,2023,3,Q1,Puerto Rico,,9.5
2023-04-01,2023,4,Q2,Puerto Rico,,9.5
2023-05-01,2023,5,Q2,Puerto Rico,,9.5
2023-06-01,2023,6,Q2,Puerto Rico,,9.5
2023-07-01,2023,7,Q3,Puerto Rico,,9.5
2023-08-01,2023,8,Q3,Puerto Rico,,9.5
2023-09-01,2023,9,Q3,Puerto Rico,,9.5
2023-10-01,2023,10,Q4,Puerto Rico,,9.5
2023-11-01,2023,11,Q4,Puerto Rico,,9.5
2023-12-01,2023,12,Q4,Puerto Rico,,9.5
2024-01-01,2024,1,Q1,Puerto Rico,,9.5
2024-02-01,2024,2,Q1,Puerto Rico,,9.5
2024-03-01,2024,3,Q1,Puerto Rico,,9.5
2024-04-01,2024,4,Q2,Puerto Rico,,9.5
2024-05-01,2024,5,Q2,Puerto Rico,,9.5
2024-06-01,2024,6,Q2,Puerto Rico,,9.5
2024-07-01,2024,7,Q3,Puerto Rico,,9.5
2024-08-01,2024,8,Q3,Puerto Rico,,9.5
2024-09-01,2024,9,Q3,Puerto Rico,,9.5
2024-10-01,2024,10,Q4,Puerto Rico,,9.5
2024-11-01,2024,11,Q4,Puerto Rico,,9.5
2024-12-01,2024,12,Q4,Puerto Rico,,9.5
2025-01-01,2025,1,Q1,Puerto Rico,,9.5
2025-02-01,2025,2,Q1,Puerto Rico,,9.5
2025-03-01,2025,3,Q1,Puerto Rico,,9.5
2025-04-01,2025,4,Q2,Puerto Rico,,9.5
2025-05-01,2025,5,Q2,Puerto Rico,,9.5
2025-06-01,2025,6,Q2,Puerto Rico,,9.5
2025-07-01,2025,7,Q3,Puerto Rico,,9.5
2023-01-01,2023,1,Q1,U.S. Virgin Islands,,10.5
2023-02-01,2023,2,Q1,U.S. Virgin Islands,,10.5
2023-03-01,2023,3,Q1,U.S. Virgin Islands,,10.5
2023-04-01,2023,4,Q2,U.S. Virgin Islands,,10.5
2023-05-01,2023,5,Q2,U.S. Virgin Islands,,10.5
2023-06-01,2023,6,Q2,U.S. Virgin Islands,,10.5
2023-07-01,2023,7,Q3,U.S. Virgin Islands,,10.5
2023-08-01,2023,8,Q3,U.S. Virgin Islands,,10.5
2023-09-01,2023,9,Q3,U.S. Virgin Islands,,10.5
2023-10-01,2023,10,Q4,U.S. Virgin Islands,,10.5
2023-11-01,2023,11,Q4,U.S. Virgin Islands,,10.5
2023-12-01,2023,12,Q4,U.S. Virgin Islands,,10.5
2024-01-01,2024,1,Q1,U.S. Virgin Islands,,10.5
2024-02-01,2024,2,Q1,U.S. Virgin Islands,,10.5
2024-03-01,2024,3,Q1,U.S. Virgin Islands,,10.5
2024-04-01,2024,4,Q2,U.S. Virgin Islands,,10.5
2024-05-01,2024,5,Q2,U.S. Virgin Islands,,10.5
2024-06-01,2024,6,Q2,U.S. Virgin Islands,,10.5
2024-07-01,2024,7,Q3,U.S. Virgin Islands,,10.5
2024-08-01,2024,8,Q3,U.S. Virgin Islands,,10.5
2024-09-01,2024,9,Q3,U.S. Virgin Islands,,10.5
2024-10-01,2024,10,Q4,U.S. Virgin Islands,,10.5
2024-11-01,2024,11,Q4,U.S. Virgin Islands,,10.5
2024-12-01,2024,12,Q4,U.S. Virgin Islands,,10.5
2025-01-01,2025,1,Q1,U.S. Virgin Islands,,10.5
2025-02-01,2025,2,Q1,U.S. Virgin Islands,,10.5
2025-03-01,2025,3,Q1,U.S. Virgin Islands,,10.5
2025-04-01,2025,4,Q2,U.S. Virgin Islands,,10.5
2025-05-01,2025,5,Q2,U.S. Virgin Islands,,10.5
2025-06-01,2025,6,Q2,U.S. Virgin Islands,,10.5
2025-07-01,2025,7,Q3,U.S. Virgin Islands,,10.5
2023-01-01,2023,1,Q1,Iowa,IA,7.25
2023-02-01,2023,2,Q1,Iowa,IA,7.25
2023-03-01,2023,3,Q1,Iowa,IA,7.25
2023-04-01,2023,4,Q2,Iowa,IA,7.25
2023-05-01,2023,5,Q2,Iowa,IA,7.25
2023-06-01,2023,6,Q2,Iowa,IA,7.25
2023-07-01,2023,7,Q3,Iowa,IA,7.25
2023-08-01,2023,8,Q3,Iowa,IA,7.25
2023-09-01,2023,9,Q3,Iowa,IA,7.25
2023-10-01,2023,10,Q4,Iowa,IA,7.25
2023-11-01,2023,11,Q4,Iowa,IA,7.25
2023-12-01,2023,12,Q4,Iowa,IA,7.25
2024-01-01,2024,1,Q1,Iowa,IA,7.25
2024-02-01,2024,2,Q1,Iowa,IA,7.25
2024-03-01,2024,3,Q1,Iowa,IA,7.25
2024-04-01,2024,4,Q2,Iowa,IA,7.25
2024-05-01,2024,5,Q2,Iowa,IA,7.25
2024-06-01,2024,6,Q2,Iowa,IA,7.25
2024-07-01,2024,7,Q3,Iowa,IA,7.25
2024-08-01,2024,8,Q3,Iowa,IA,7.25
2024-09-01,2024,9,Q3,Iowa,IA,7.25
2024-10-01,2024,10,Q4,Iowa,IA,7.25
2024-11-01,2024,11,Q4,Iowa,IA,7.25
2024-12-01,2024,12,Q4,Iowa,IA,7.25
2025-01-01,2025,1,Q1,Iowa,IA,7.25
2025-02-01,2025,2,Q1,Iowa,IA,7.25
2025-03-01,2025,3,Q1,Iowa,IA,7.25
2025-04-01,2025,4,Q2,Iowa,IA,7.25
2025-05-01,2025,5,Q2,Iowa,IA,7.25
2025-06-01,2025,6,Q2,Iowa,IA,7.25
2025-07-01,2025,7,Q3,Iowa,IA,7.25
2023-01-01,2023,1,Q1,Missouri,MO,12.0
2023-02-01,2023,2,Q1,Missouri,MO,12.0
2023-03-01,2023,3,Q1,Missouri,MO,12.0
2023-04-01,2023,4,Q2,Missouri,MO,12.0
2023-05-01,2023,5,Q2,Missouri,MO,12.0
2023-06-01,2023,6,Q2,Missouri,MO,12.0
2023-07-01,2023,7,Q3,Missouri,MO,12.0
2023-08-01,2023,8,Q3,Missouri,MO,12.0
2023-09-01,2023,9,Q3,Missouri,MO,12.0
2023-10-01,2023,10,Q4,Missouri,MO,12.0
2023-11-01,2023,11,Q4,Missouri,MO,12.0
2023-12-01,2023,12,Q4,Missouri,MO,12.0
2024-01-01,2024,1,Q1,Missouri,MO,12.3
2024-02-01,2024,2,Q1,Missouri,MO,12.3
2024-03-01,2024,3,Q1,Missouri,MO,12.3
2024-04-01,2024,4,Q2,Missouri,MO,12.3
2024-05-01,2024,5,Q2,Missouri,MO,12.3
2024-06-01,2024,6,Q2,Missouri,MO,12.3
2024-07-01,2024,7,Q3,Missouri,MO,12.3
2024-08-01,2024,8,Q3,Missouri,MO,12.3
2024-09-01,2024,9,Q3,Missouri,MO,12.3
2024-10-01,2024,10,Q4,Missouri,MO,12.3
2024-11-01,2024,11,Q4,Missouri,MO,12.3
2024-12-01,2024,12,Q4,Missouri,MO,12.3
2025-01-01,2025,1,Q1,Missouri,MO,12.3
2025-02-01,2025,2,Q1,Missouri,MO,12.3
2025-03-01,2025,3,Q1,Missouri,MO,12.3
2025-04-01,2025,4,Q2,Missouri,MO,12.3
2025-05-01,2025,5,Q2,Missouri,MO,12.3
2025-06-01,2025,6,Q2,Missouri,MO,12.3
2025-07-01,2025,7,Q3,Missouri,MO,12.3
2023-01-01,2023,1,Q1,Alabama,AL,7.25
2023-02-01,2023,2,Q1,Alabama,AL,7.25
2023-03-01,2023,3,Q1,Alabama,AL,7.25
2023-04-01,2023,4,Q2,Alabama,AL,7.25
2023-05-01,2023,5,Q2,Alabama,AL,7.25
2023-06-01,2023,6,Q2,Alabama,AL,7.25
2023-07-01,2023,7,Q3,Alabama,AL,7.25
2023-08-01,2023,8,Q3,Alabama,AL,7.25
2023-09-01,2023,9,Q3,Alabama,AL,7.25
2023-10-01,2023,10,Q4,Alabama,AL,7.25
2023-11-01,2023,11,Q4,Alabama,AL,7.25
2023-12-01,2023,12,Q4,Alabama,AL,7.25
2024-01-01,2024,1,Q1,Alabama,AL,7.25
2024-02-01,2024,2,Q1,Alabama,AL,7.25
2024-03-01,2024,3,Q1,Alabama,AL,7.25
2024-04-01,2024,4,Q2,Alabama,AL,7.25
2024-05-01,2024,5,Q2,Alabama,AL,7.25
2024-06-01,2024,6,Q2,Alabama,AL,7.25
2024-07-01,2024,7,Q3,Alabama,AL,7.25
2024-08-01,2024,8,Q3,Alabama,AL,7.25
2024-09-01,2024,9,Q3,Alabama,AL,7.25
2024-10-01,2024,10,Q4,Alabama,AL,7.25
2024-11-01,2024,11,Q4,Alabama,AL,7.25
2024-12-01,2024,12,Q4,Alabama,AL,7.25
2025-01-01,2025,1,Q1,Alabama,AL,7.25
2025-02-01,2025,2,Q1,Alabama,AL,7.25
2025-03-01,2025,3,Q1,Alabama,AL,7.25
2025-04-01,2025,4,Q2,Alabama,AL,7.25
2025-05-01,2025,5,Q2,Alabama,AL,7.25
2025-06-01,2025,6,Q2,Alabama,AL,7.25
2025-07-01,2025,7,Q3,Alabama,AL,7.25
2023-01-01,2023,1,Q1,Louisiana,LA,7.25
2023-02-01,2023,2,Q1,Louisiana,LA,7.25
2023-03-01,2023,3,Q1,Louisiana,LA,7.25
2023-04-01,2023,4,Q2,Louisiana,LA,7.25
2023-05-01,2023,5,Q2,Louisiana,LA,7.25
2023-06-01,2023,6,Q2,Louisiana,LA,7.25
2023-07-01,2023,7,Q3,Louisiana,LA,7.25
2023-08-01,2023,8,Q3,Louisiana,LA,7.25
2023-09-01,2023,9,Q3,Louisiana,LA,7.25
2023-10-01,2023,10,Q4,Louisiana,LA,7.25
2023-11-01,2023,11,Q4,Louisiana,LA,7.25
2023-12-01,2023,12,Q4,Louisiana,LA,7.25
2024-01-01,2024,1,Q1,Louisiana,LA,7.25
2024-02-01,2024,2,Q1,Louisiana,LA,7.25
2024-03-01,2024,3,Q1,Louisiana,LA,7.25
2024-04-01,2024,4,Q2,Louisiana,LA,7.25
2024-05-01,2024,5,Q2,Louisiana,LA,7.25
2024-06-01,2024,6,Q2,Louisiana,LA,7.25
2024-07-01,2024,7,Q3,Louisiana,LA,7.25
2024-08-01,2024,8,Q3,Louisiana,LA,7.25
2024-09-01,2024,9,Q3,Louisiana,LA,7.25
2024-10-01,2024,10,Q4,Louisiana,LA,7.25
2024-11-01,2024,11,Q4,Louisiana,LA,7.25
2024-12-01,2024,12,Q4,Louisiana,LA,7.25
2025-01-01,2025,1,Q1,Louisiana,LA,7.25
2025-02-01,2025,2,Q1,Louisiana,LA,7.25
2025-03-01,2025,3,Q1,Louisiana,LA,7.25
2025-04-01,2025,4,Q2,Louisiana,LA,7.25
2025-05-01,2025,5,Q2,Louisiana,LA,7.25
2025-06-01,2025,6,Q2,Louisiana,LA,7.25
2025-07-01,2025,7,Q3,Louisiana,LA,7.25
2023-01-01,2023,1,Q1,Mississippi,MS,7.25
2023-02-01,2023,2,Q1,Mississippi,MS,7.25
2023-03-01,2023,3,Q1,Mississippi,MS,7.25
2023-04-01,2023,4,Q2,Mississippi,MS,7.25
2023-05-01,2023,5,Q2,Mississippi,MS,7.25
2023-06-01,2023,6,Q2,Mississippi,MS,7.25
2023-07-01,2023,7,Q3,Mississippi,MS,7.25
2023-08-01,2023,8,Q3,Mississippi,MS,7.25
2023-09-01,2023,9,Q3,Mississippi,MS,7.25
2023-10-01,2023,10,Q4,Mississippi,MS,7.25
2023-11-01,2023,11,Q4,Mississippi,MS,7.25
2023-12-01,2023,12,Q4,Mississippi,MS,7.25
2024-01-01,2024,1,Q1,Mississippi,MS,7.25
2024-02-01,2024,2,Q1,Mississippi,MS,7.25
2024-03-01,2024,3,Q1,Mississippi,MS,7.25
2024-04-01,2024,4,Q2,Mississippi,MS,7.25
2024-05-01,2024,5,Q2,Mississippi,MS,7.25
2024-06-01,2024,6,Q2,Mississippi,MS,7.25
2024-07-01,2024,7,Q3,Mississippi,MS,7.25
2024-08-01,2024,8,Q3,Mississippi,MS,7.25
2024-09-01,2024,9,Q3,Mississippi,MS,7.25
2024-10-01,2024,10,Q4,Mississippi,MS,7.25
2024-11-01,2024,11,Q4,Mississippi,MS,7.25
2024-12-01,2024,12,Q4,Mississippi,MS,7.25
2025-01-01,2025,1,Q1,Mississippi,MS,7.25
2025-02-01,2025,2,Q1,Mississippi,MS,7.25
2025-03-01,2025,3,Q1,Mississippi,MS,7.25
2025-04-01,2025,4,Q2,Mississippi,MS,7.25
2025-05-01,2025,5,Q2,Mississippi,MS,7.25
2025-06-01,2025,6,Q2,Mississippi,MS,7.25
2025-07-01,2025,7,Q3,Mississippi,MS,7.25
2023-01-01,2023,1,Q1,South Carolina,SC,7.25
2023-02-01,2023,2,Q1,South Carolina,SC,7.25
2023-03-01,2023,3,Q1,South Carolina,SC,7.25
2023-04-01,2023,4,Q2,South Carolina,SC,7.25
2023-05-01,2023,5,Q2,South Carolina,SC,7.25
2023-06-01,2023,6,Q2,South Carolina,SC,7.25
2023-07-01,2023,7,Q3,South Carolina,SC,7.25
2023-08-01,2023,8,Q3,South Carolina,SC,7.25
2023-09-01,2023,9,Q3,South Carolina,SC,7.25
2023-10-01,2023,10,Q4,South Carolina,SC,7.25
2023-11-01,2023,11,Q4,South Carolina,SC,7.25
2023-12-01,2023,12,Q4,South Carolina,SC,7.25
2024-01-01,2024,1,Q1,South Carolina,SC,7.25
2024-02-01,2024,2,Q1,South Carolina,SC,7.25
2024-03-01,2024,3,Q1,South Carolina,SC,7.25
2024-04-01,2024,4,Q2,South Carolina,SC,7.25
2024-05-01,2024,5,Q2,South Carolina,SC,7.25
2024-06-01,2024,6,Q2,South Carolina,SC,7.25
2024-07-01,2024,7,Q3,South Carolina,SC,7.25
2024-08-01,2024,8,Q3,South Carolina,SC,7.25
2024-09-01,2024,9,Q3,South Carolina,SC,7.25
2024-10-01,2024,10,Q4,South Carolina,SC,7.25
2024-11-01,2024,11,Q4,South Carolina,SC,7.25
2024-12-01,2024,12,Q4,South Carolina,SC,7.25
2025-01-01,2025,1,Q1,South Carolina,SC,7.25
2025-02-01,2025,2,Q1,South Carolina,SC,7.25
2025-03-01,2025,3,Q1,South Carolina,SC,7.25
2025-04-01,2025,4,Q2,South Carolina,SC,7.25
2025-05-01,2025,5,Q2,South Carolina,SC,7.25
2025-06-01,2025,6,Q2,South Carolina,SC,7.25
2025-07-01,2025,7,Q3,South Carolina,SC,7.25
2023-01-01,2023,1,Q1,Tennessee,TN,7.25
2023-02-01,2023,2,Q1,Tennessee,TN,7.25
2023-03-01,2023,3,Q1,Tennessee,TN,7.25
2023-04-01,2023,4,Q2,Tennessee,TN,7.25
2023-05-01,2023,5,Q2,Tennessee,TN,7.25
2023-06-01,2023,6,Q2,Tennessee,TN,7.25
2023-07-01,2023,7,Q3,Tennessee,TN,7.25
2023-08-01,2023,8,Q3,Tennessee,TN,7.25
2023-09-01,2023,9,Q3,Tennessee,TN,7.25
2023-10-01,2023,10,Q4,Tennessee,TN,7.25
2023-11-01,2023,11,Q4,Tennessee,TN,7.25
2023-12-01,2023,12,Q4,Tennessee,TN,7.25
2024-01-01,2024,1,Q1,Tennessee,TN,7.25
2024-02-01,2024,2,Q1,Tennessee,TN,7.25
2024-03-01,2024,3,Q1,Tennessee,TN,7.25
2024-04-01,2024,4,Q2,Tennessee,TN,7.25
2024-05-01,2024,5,Q2,Tennessee,TN,7.25
2024-06-01,2024,6,Q2,Tennessee,TN,7.25
2024-07-01,2024,7,Q3,Tennessee,TN,7.25
2024-08-01,2024,8,Q3,Tennessee,TN,7.25
2024-09-01,2024,9,Q3,Tennessee,TN,7.25
2024-10-01,2024,10,Q4,Tennessee,TN,7.25
2024-11-01,2024,11,Q4,Tennessee,TN,7.25
2024-12-01,2024,12,Q4,Tennessee,TN,7.25
2025-01-01,2025,1,Q1,Tennessee,TN,7.25
2025-02-01,2025,2,Q1,Tennessee,TN,7.25
2025-03-01,2025,3,Q1,Tennessee,TN,7.25
2025-04-01,2025,4,Q2,Tennessee,TN,7.25
2025-05-01,2025,5,Q2,Tennessee,TN,7.25
2025-06-01,2025,6,Q2,Tennessee,TN,7.25
2025-07-01,2025,7,Q3,Tennessee,TN,7.25
